Top pages,Clicks,Impressions,CTR,Position
https://vietgoing.com/top/118-top-10-khach-san-gan-san-bay-tan-son-nhat-dep-gia-re-tien-nghi.html,3303,202820,1.63%,9.8
https://vietgoing.com/,2989,17252,17.33%,3.89
https://vietgoing.com/article/277-10-diem-den-khong-the-bo-qua-khi-toi-binh-lieu-quang-ninh.html,2801,49537,5.65%,7.02
https://vietgoing.com/hotel/3279-long-thanh-iii-hotel-sam-son.html,1968,19518,10.08%,7.75
https://vietgoing.com/article/381-kham-pha-12-con-suoi-dep-nhat-o-hue-diem-dung-chan-ly-tuong-cho-mua-he-mat-me.html,1671,30100,5.55%,8.54
https://vietgoing.com/ticket/22-ve-cau-kinh-bach-long-moc-chau.html,1346,54354,2.48%,6.19
https://vietgoing.com/hotel/1132-nha-nghi-duong-368-quang-ninh.html,1322,28890,4.58%,10.67
https://vietgoing.com/hotel/2449-melody-retreat-luong-son-hoa-binh.html,1265,29093,4.35%,8.73
https://vietgoing.com/hotel/472-lang-trong-thung-jacaranda-valley-ecofarm-ba-vi.html,1260,15074,8.36%,5.41
https://vietgoing.com/destination/131-ho-ban-nguyet.html,1123,28380,3.96%,5.14
https://vietgoing.com/top/110-top-10-khach-san-4-sao-sang-xin-gan-ho-hoan-kiem-ha-noi.html,1086,57767,1.88%,9.45
https://vietgoing.com/destination/28-nang-to-thi.html,1019,45565,2.24%,5.57
https://vietgoing.com/hotel/2797-minad-villa-ho-dong-chanh.html,942,16751,5.62%,6.3
https://vietgoing.com/top/122-top-10-khach-san-gan-pho-di-bo-ha-noi-gia-re-tien-nghi-nhat-hien-nay.html,934,79540,1.17%,10.87
https://vietgoing.com/hotel/3404-louis-hotel-bai-chay.html,876,11680,7.5%,10.23
https://vietgoing.com/article/381-muc-so-thi-12-con-suoi-dep-nhat-o-hue-ha-nhiet-cho-mua-he.html,862,8480,10.17%,10.5
https://vietgoing.com/top/107-top-10-khach-san-pho-co-ha-noi-gia-re-duoc-yeu-thich-nhat-hien-nay.html,774,59748,1.3%,10.12
https://vietgoing.com/destination/688-hoang-thanh-thang-long.html,766,46993,1.63%,9.23
https://vietgoing.com/destination/299-cua-khau-tan-thanh.html,750,67318,1.11%,6.16
https://vietgoing.com/destination/784-ho-dai-linh.html,745,7601,9.8%,9.69
https://vietgoing.com/hotel/3351-thien-cam-xanh-hotel.html,736,10122,7.27%,11.68
https://vietgoing.com/top/104-top-7-khach-san-5-sao-gan-pho-co-cao-cap-sang-chanh-nhat-hien-nay.html,722,51223,1.41%,9.35
https://vietgoing.com/top/8-top-9-villa-tam-dao-view-dep-co-be-boi-rieng-cuc-chill.html,686,20996,3.27%,10.22
https://vietgoing.com/article/199-top-7-diem-du-lich-khong-the-bo-qua-khi-den-thanh-pho-vinh-nghe-an.html,684,35359,1.93%,10.48
https://vietgoing.com/destination/25-den-cong-dong-bac-le.html,657,49355,1.33%,9.09
https://vietgoing.com/destination/576-nghia-trang-liet-si-truong-son.html,644,48413,1.33%,9.01
https://vietgoing.com/destination/940-den-thanh-hung-nghia.html,638,19281,3.31%,7.37
https://vietgoing.com/hotel/3665-white-cloud-sapa-homestay.html,638,13129,4.86%,6.34
https://vietgoing.com/destination/583-can-cu-con-tien-doc-mieu.html,624,14640,4.26%,5.76
https://vietgoing.com/destination/489-cang-ca-quy-nhon-ben-tau-ham-tu.html,621,7637,8.13%,5.49
https://vietgoing.com/article/321-ghe-tham-5-ngoi-chua-noi-tieng-va-linh-thieng-tai-vung-tau.html,613,32011,1.91%,7.58
https://vietgoing.com/top/8-top-10-villa-tam-dao-view-dep-co-be-boi-rieng-cuc-chill.html,607,29659,2.05%,9.6
https://vietgoing.com/destination/373-khu-nghi-duong-sinh-thai-ecopark.html,587,12218,4.8%,18.73
https://vietgoing.com/destination/933-deo-chuoi.html,576,15639,3.68%,6.39
https://vietgoing.com/ticket/11-ve-xe-ha-son-hai-van-futa-ha-son-ha-noi-sapa-sapa-ha-noi.html,558,84595,0.66%,8.17
https://vietgoing.com/top/148-top-7-khach-san-cua-lo-gia-re-duoc-yeu-thich-nhat-hien-nay.html,543,36291,1.5%,12.7
https://vietgoing.com/hotel/3402-nala-boutique-retreat.html,539,16330,3.3%,6.7
https://vietgoing.com/hotel/746-90s-homestay-tam-dao.html,536,33874,1.58%,7.17
https://vietgoing.com/destination/938-toa-soan-bao-ha-noi-moi.html,534,76717,0.7%,4.96
https://vietgoing.com/destination/798-dao-bach-long-vy.html,534,8928,5.98%,9.03
https://vietgoing.com/top/427-top-5-khach-san-co-view-ho-tay-cuc-dep-danh-cho-cac-cap-doi.html,511,33075,1.54%,9.89
https://vietgoing.com/article/313-den-phan-rang-ninh-thuan-dung-bo-lo-9-diem-check-in-sieu-dep-dang-hot-trend.html,502,9911,5.07%,9.56
https://vietgoing.com/top/84-top-10-khach-san-tai-quan-1-gia-re-duoc-yeu-thich-nhat-hien-nay.html,467,40807,1.14%,12.39
https://vietgoing.com/article/368-kham-pha-10-diem-du-lich-mien-trung-dep-nhat-khong-the-bo-lo.html,465,17827,2.61%,9.49
https://vietgoing.com/destination/202-thac-datanla.html,447,17309,2.58%,12.06
https://vietgoing.com/top/526-top-5-khach-san-co-khu-vui-choi-tre-em-tai-vung-tau-hien-dai-nhat.html,442,6129,7.21%,12.18
https://vietgoing.com/top/109-top-10-khach-san-4-sao-gan-pho-co-ha-noi-cao-cap-sieu-dep.html,429,31164,1.38%,13.33
https://vietgoing.com/tour/city-31-hai-phong.html,424,11592,3.66%,11.28
https://vietgoing.com/article/208-top-10-diem-check-in-dep-quen-loi-ve-o-ha-giang.html,419,37549,1.12%,3.1
https://vietgoing.com/article/379-diem-ten-6-ngoi-chua-noi-tieng-va-linh-thieng-bac-nhat-binh-dinh.html,417,14081,2.96%,6.85
https://vietgoing.com/article/972-gia-ve-cap-treo-fansipan-sapa-moi-nhat.html,415,42350,0.98%,10.61
https://vietgoing.com/destination/328-cong-vien-7-ky-quan-the-gioi.html,415,24742,1.68%,10.82
https://vietgoing.com/article/216-du-xuan-dau-nam-voi-10-ngoi-chua-noi-tieng-gan-ha-noi.html,414,8478,4.88%,11.03
https://vietgoing.com/top/415-he-thong-khach-san-muong-thanh-sai-gon.html,412,47396,0.87%,10.03
https://vietgoing.com/hotel/2083-anna-beach-resort.html,407,4324,9.41%,8.43
https://vietgoing.com/top/77-top-10-khach-san-ninh-binh-gia-re-gan-trang-an-duoc-dat-nhieu-nhat.html,397,36805,1.08%,12.98
https://vietgoing.com/destination/676-tuong-dai-quang-trung-nui-ban-hue.html,396,13842,2.86%,7
https://vietgoing.com/top/16-top-8-homestay-o-dong-van-ha-giang-co-view-sieu-dep-gia-sieu-re.html,393,25616,1.53%,9.95
https://vietgoing.com/hotel/3467-dai-duong-hotel.html,390,9277,4.2%,11.32
https://vietgoing.com/destination/732-bien-con-vanh.html,383,10576,3.62%,12.71
https://vietgoing.com/hotel/3362-khu-nghi-duong-lang-co-t26.html,382,12342,3.1%,8.83
https://vietgoing.com/destination/300-linh-dia-co-mau-son.html,379,8918,4.25%,9.39
https://vietgoing.com/hotel/1363-chuon-chuon-nghia-lo-dragonfly-nghia-lo.html,378,28267,1.34%,9.19
https://vietgoing.com/article/379-diem-ten-6-ngoi-chua-binh-dinh-noi-tieng-va-linh-thieng.html,369,5654,6.53%,7.21
https://vietgoing.com/top/25-top-10-homestay-view-dep-trieu-do-san-may-cuc-dinh-o-tam-dao.html,366,20279,1.8%,8.9
https://vietgoing.com/hotel/779-ami-boutique-hotel-da-lat.html,366,13241,2.76%,10.8
https://vietgoing.com/destination/district-360-quan-lien-chieu.html,366,5889,6.21%,11.42
https://vietgoing.com/hotel/3826-intechco-luxury-hotel-sam-son-thanh-hoa.html,366,3740,9.79%,4.82
https://vietgoing.com/article/129-15-diem-check-in-trieu-view-khi-den-quang-nam.html,364,16474,2.21%,9.26
https://vietgoing.com/top/401-top-10-homestay-da-lat-duoc-du-khach-yeu-thich-nhat.html,362,19238,1.88%,20.58
https://vietgoing.com/top/82-top-8-khach-san-5-sao-quan-1-cao-cap-sang-chanh-nhat-hien-nay.html,360,58987,0.61%,10.74
https://vietgoing.com/hotel/810-my-camping-soc-son.html,358,9317,3.84%,7.74
https://vietgoing.com/top/76-top-15-homestay-ninh-binh-view-dep-co-be-boi-cuc-hap-dan.html,354,21656,1.63%,11.51
https://vietgoing.com/destination/324-khu-di-tich-dao-dua-ben-tre.html,351,18058,1.94%,6.19
https://vietgoing.com/hotel/2962-the-pure-homestay-tam-dao.html,340,4161,8.17%,6.8
https://vietgoing.com/hotel/3780-anphaan-hotel-vinh.html,339,10018,3.38%,10.24
https://vietgoing.com/top/163-he-thong-khach-san-muong-thanh-da-nang.html,337,18819,1.79%,15.22
https://vietgoing.com/hotel/3380-thanh-cong-hotel-ha-long.html,323,12793,2.52%,11.25
https://vietgoing.com/hotel/3443-ha-ngoc-hotel-ho-chi-minh.html,318,6492,4.9%,9.8
https://vietgoing.com/top/144-top-9-khach-san-sam-son-thanh-hoa-gia-re-dep-quen-loi-ve-moi-nhat.html,317,28934,1.1%,14.19
https://vietgoing.com/article/1-gioi-thieu.html,310,9074,3.42%,2.62
https://vietgoing.com/destination/367-doc-mong-cam.html,304,6413,4.74%,8.55
https://vietgoing.com/destination/710-khu-mo-ba-hoang-thi-loan.html,303,29549,1.03%,7.05
https://vietgoing.com/hotel/2423-trang-trai-thung-may-hoa-lac.html,303,9653,3.14%,11.35
https://vietgoing.com/hotel/960-cong-doan-cua-lo-hotel.html,303,7925,3.82%,9.35
https://vietgoing.com/top/677-top-8-khach-san-pho-lo-su-ha-noi-thuan-tien-di-chuyen-gan-ho-guom.html,299,10578,2.83%,8.25
https://vietgoing.com/article/245-15-dia-diem-view-dep-ngay-ngat-o-sai-gon.html,296,16033,1.85%,9.53
https://vietgoing.com/article/302-8-diem-chup-anh-dep-o-nam-dinh-view-dinh-cua-chop-.html,294,12518,2.35%,6.93
https://vietgoing.com/hotel/2031-victory-luxury-ha-long-hotel.html,293,12724,2.3%,7.86
https://vietgoing.com/article/253-cam-nang-du-lich-nui-cam-an-giang-tu-a-den-z-moi-nhat.html,292,34323,0.85%,9.26
https://vietgoing.com/destination/687-lang-lua-van-phuc-lang-lua-ha-dong.html,291,32484,0.9%,8.65
https://vietgoing.com/top/694-top-8-khach-san-ha-noi-khu-vuc-lieu-giai-sieu-dep-gia-tot-nhat.html,290,15260,1.9%,9.59
https://vietgoing.com/hotel/847-chuon-chuon-tam-dao.html,288,10609,2.71%,6.05
https://vietgoing.com/top/84-top-20-khach-san-tai-quan-1-gia-re-duoc-yeu-thich-nhat-hien-nay.html,287,25950,1.11%,18.41
https://vietgoing.com/top/115-he-thong-khach-san-muong-thanh-nha-trang.html,286,20476,1.4%,15.32
https://vietgoing.com/hotel/1300-ben-thanh-paradise-hotel-dong-hai.html,280,7629,3.67%,6.57
"https://vietgoing.com/hotel/city-20-lang-son.html?type=Khu ngh%E1%BB%89 
d%C6%B0%E1%BB%A1ng&suc-khoe-spa%5B0%5D=T%E1%BA%AFm 
kho%C3%A1ng&suc-khoe-spa%5B1%5D=X%C3%B4ng h%C6%A1i&sort=favorite",280,1875,14.93%,7.15
https://vietgoing.com/hotel/2798-sao-mai-do-son.html,279,11990,2.33%,10.8
https://vietgoing.com/hotel/690-stream-house-nha-ben-suoi-soc-son.html,279,7364,3.79%,8.34
https://vietgoing.com/destination/233-lang-biet-thu-co-da-lat.html,276,15429,1.79%,10.71
https://vietgoing.com/destination/986-khu-du-lich-sinh-thai-my-le.html,276,5253,5.25%,9.47
https://vietgoing.com/hotel/963-khach-xa-tam-chuc.html,275,19602,1.4%,8.13
https://vietgoing.com/hotel/2219-sunmay-villa-tam-dao.html,271,11298,2.4%,7.2
https://vietgoing.com/hotel/2886-a25-luxury-hotel-so-684-minh-khai.html,268,50192,0.53%,8.77
https://vietgoing.com/hotel/3834-buu-dien-ha-long-hotel.html,264,6258,4.22%,7.38
https://vietgoing.com/top/10-top-15-khach-san-tot-nhat-gan-cho-dem-trung-tam-tai-da-lat.html,260,39532,0.66%,16.44
https://vietgoing.com/hotel/3671-meta-sea-resort-nam-du.html,260,13392,1.94%,8.3
"https://vietgoing.com/destination/district-153-huyen-luc-ngan.html?type=B%C3%A3i 
bi%E1%BB%83n, V%E1%BB%8Bnh, %C4%90%E1%BA%A3o",259,2433,10.65%,6.6
https://vietgoing.com/top/732-top-5-khach-san-quan-long-bien-ha-noi-duoc-du-khach-danh-gia-cao.html,256,17703,1.45%,8.37
https://vietgoing.com/hotel/3463-queen-hotel-hai-hoa.html,255,12585,2.03%,10.37
https://vietgoing.com/top/695-top-7-khach-san-khu-vuc-cat-linh-ha-noi-gan-trung-tam-tien-di-lai.html,253,6625,3.82%,6.85
https://vietgoing.com/destination/767-bai-bien-dong-chau.html,252,6425,3.92%,10.25
https://vietgoing.com/destination/188-vinpearl-land-nha-trang.html,251,22566,1.11%,18.53
https://vietgoing.com/top/686-top-5-khach-san-ha-noi-gan-duong-le-van-luong-hien-dai-tien-nghi-nhat.html,251,5239,4.79%,7.93
https://vietgoing.com/destination/497-khu-du-lich-binh-chau.html,249,33243,0.75%,13.84
https://vietgoing.com/destination/441-bai-kinh-dao-binh-hung.html,248,16778,1.48%,10.24
https://vietgoing.com/ticket/15-ve-xe-limousine-ha-noi-tam-dao-1-chieu-khu-hoi-dua-don-tan-noi.html,248,12102,2.05%,9.09
https://vietgoing.com/destination/623-bai-bien-vinh-thanh.html,246,17010,1.45%,8.06
"https://vietgoing.com/destination/district-123-thanh-pho-lang-son.html?type=B%C3%A3i 
bi%E1%BB%83n, V%E1%BB%8Bnh, %C4%90%E1%BA%A3o",246,3051,8.06%,5.51
https://vietgoing.com/hotel/36-la-do-homestay-sapa.html,238,32889,0.72%,8.97
https://vietgoing.com/hotel/160-an-lac-eco-farm-hot-springs.html,238,19778,1.2%,8.62
https://vietgoing.com/hotel/3249-dong-a-hotel-co-to.html,238,4740,5.02%,12.07
https://vietgoing.com/destination/291-canh-dong-hoa-huong-duong-nghe-an.html,237,41554,0.57%,7.73
https://vietgoing.com/top/903-top-5-khach-san-cao-cap-phong-cach-nhat-ban-tai-tp-ho-chi-minh.html,236,2735,8.63%,8.14
https://vietgoing.com/destination/697-quang-truong-trung-tam-tam-dao.html,232,16979,1.37%,8.8
https://vietgoing.com/tour/448-trekking-suoi-cua-tu-2-ngay-1-dem.html,231,10838,2.13%,7.65
https://vietgoing.com/article/376-6-ngoi-chua-linh-thieng-o-mien-nam-cau-gi-duoc-nay.html,229,7152,3.2%,11.34
https://vietgoing.com/destination/587-khu-can-cu-quan-su-khe-sanh.html,229,2765,8.28%,15.42
https://vietgoing.com/destination/district-223-huyen-an-duong.html,224,1396,16.05%,7.73
https://vietgoing.com/hotel/3133-one-day-villa-hotel-coffee-da-lat.html,223,6059,3.68%,11.26
https://vietgoing.com/destination/658-nha-tho-thanh-tam-chinh-toa-ban-me-thuot.html,222,18292,1.21%,8.78
https://vietgoing.com/hotel/3714-co-to-sam-sam-homestay.html,221,5333,4.14%,8.96
https://vietgoing.com/hotel/401-sunset-beach-lagi-binh-thuan.html,220,8334,2.64%,13.66
https://vietgoing.com/destination/874-thung-lung-hoa-thai-giang-pho.html,219,17059,1.28%,9.08
https://vietgoing.com/destination/531-khu-du-lich-suoi-tien.html,217,60067,0.36%,9.19
https://vietgoing.com/article/cate-40-tuyen-dung.html,217,4248,5.11%,14.42
https://vietgoing.com/hotel/2284-lucky-2-hotel-quang-nam.html,216,5115,4.22%,13.65
https://vietgoing.com/article/171-top-9-diem-chup-hinh-dep-ngat-ngay-tai-tri-ton-an-giang.html,215,11483,1.87%,8.83
https://vietgoing.com/article/5-danh-gia-ve-vietgoingcom.html,215,7043,3.05%,2.38
https://vietgoing.com/article/329-cac-diem-tham-quan-du-lich-o-huyen-duc-trong-lam-dong.html,213,23104,0.92%,12.66
"https://vietgoing.com/tour/dest-117-lang-sen-que-bac.html?loai-tour=Kh%E1%BB%9Fi 
h%C3%A0nh h%C3%A0ng ng%C3%A0y&sort=price-desc",212,1503,14.11%,9.43
https://vietgoing.com/hotel/2274-an-house-quy-nhon.html,208,9184,2.26%,8.42
https://vietgoing.com/destination/925-suoi-khe-su-ho-diep-quan-hue.html,207,17699,1.17%,7.98
https://vietgoing.com/hotel/3160-lang-chai-homestay-phu-yen.html,207,11565,1.79%,9.78
https://vietgoing.com/hotel/3674-coco-bay-hon-son.html,206,16846,1.22%,9.27
https://vietgoing.com/top/106-top-15-khach-san-gan-pho-co-ha-noi-gia-re-dang-trai-nghiem-nhat.html,205,21390,0.96%,12.09
https://vietgoing.com/hotel/3169-hoa-thach-villa-quoc-oai.html,205,7597,2.7%,8.88
https://vietgoing.com/hotel/3337-huu-tinh-hotel-thien-cam.html,205,7282,2.82%,10.9
https://vietgoing.com/hotel/3235-dong-bac-hotel-mong-cai.html,200,7066,2.83%,9.24
https://vietgoing.com/article/341-cam-nang-du-lich-lang-noi-tan-lap-tu-a-den-z-moi-nhat.html,199,9747,2.04%,14.54
https://vietgoing.com/top/518-top-4-khach-san-va-villa-vung-tau-gan-bai-tam-thuy-tien.html,198,4654,4.25%,17.97
https://vietgoing.com/hotel/3358-thien-an-hotel-hue.html,197,13368,1.47%,8.52
https://vietgoing.com/destination/555-doc-tham-ma.html,191,12892,1.48%,6.89
https://vietgoing.com/top/667-top-9-khach-san-ha-noi-co-quan-ca-phe-rooftop-dep-ngam-thanh-pho.html,191,3772,5.06%,8.77
https://vietgoing.com/top/23-top-15-khach-san-gan-ho-xuan-huong-gia-re-tot-nhat-da-lat.html,188,19960,0.94%,16.13
https://vietgoing.com/hotel/3839-victory-hotel-vung-tau-4-sao.html,185,34992,0.53%,10.68
https://vietgoing.com/top/26-top-10-khach-san-o-tam-dao-gia-tot-view-sieu-dinh.html,184,21574,0.85%,13.71
https://vietgoing.com/tour/735-tour-du-lich-sam-son-cua-lo-que-bac-3-ngay-2-dem.html,184,7637,2.41%,9.81
https://vietgoing.com/hotel/3520-dong-chanh-lake-ville.html,184,4599,4%,6.93
https://vietgoing.com/destination/784-ho-dai-ninh.html,183,9061,2.02%,7.96
https://vietgoing.com/destination/district-172-thi-xa-phuc-yen.html,183,3666,4.99%,11.02
https://vietgoing.com/top/95-top-6-khach-san-quan-binh-thanh-dang-trai-nghiem-nhat-hien-nay.html,181,25657,0.71%,9.39
https://vietgoing.com/hotel/1169-satoyama-village-hoa-binh.html,180,14038,1.28%,9.09
https://vietgoing.com/destination/1011-thac-da-han.html,180,10365,1.74%,9.21
https://vietgoing.com/top/92-top-5-biet-thu-villa-hoa-binh-cho-gia-dinh-gia-re-view-dep-cuc-chill.html,179,11111,1.61%,15.56
https://vietgoing.com/hotel/1139-aurora-resort-lagi-binh-thuan.html,177,19350,0.91%,10.92
https://vietgoing.com/top/24-top-7-biet-thu-villa-o-da-lat-thiet-ke-sieu-an-tuong-view-sieu-dep.html,173,18770,0.92%,18.13
https://vietgoing.com/hotel/1645-river-park-hotel-da-lat.html,173,16902,1.02%,10.83
https://vietgoing.com/hotel/1769-cuc-phuong-mineral-retreat.html,173,10206,1.7%,11.68
https://vietgoing.com/tour/city-49-quang-nam.html?duration=1,172,2554,6.73%,15.93
https://vietgoing.com/top/683-top-7-khach-san-dep-pho-cau-go-trung-tam-am-thuc-pho-co-ha-noi.html,171,6057,2.82%,7.53
https://vietgoing.com/hotel/1123-nha-khach-tuan-chau-ha-long.html,171,4323,3.96%,14.96
https://vietgoing.com/tour/154-ha-noi-bac-le-dong-dang-mau-son-2-ngay-1-dem.html,170,4252,4%,8.78
https://vietgoing.com/article/386-bo-tui-ngay-cac-diem-du-lich-noi-tieng-o-dong-nam-bo.html,169,8274,2.04%,10.37
https://vietgoing.com/article/274-cam-nang-du-lich-lagi-binh-thuan-tu-a-den-z-moi-nhat.html,167,17044,0.98%,14.83
https://vietgoing.com/hotel/2693-hoa-vien-hotel-hoa-binh.html,167,9805,1.7%,11.1
https://vietgoing.com/destination/777-lang-sen-my-nghiep.html,166,3088,5.38%,7.64
https://vietgoing.com/tour/dest-302-vinh-vinh-hy.html?sort=price-asc,165,100767,0.16%,17.52
https://vietgoing.com/top/94-top-10-khach-san-quan-3-tphcm-dep-sang-xin-duoc-yeu-thich-nhat.html,163,17856,0.91%,12.35
https://vietgoing.com/top/122-top-12-khach-san-gan-pho-di-bo-ha-noi-gia-re-tien-nghi-nhat-hien-nay.html,163,11368,1.43%,20.94
https://vietgoing.com/destination/742-cong-vien-van-hoa-an-hoa.html,162,15849,1.02%,8.27
https://vietgoing.com/ticket/29-ve-cap-treo-legacy-yen-tu.html,162,13312,1.22%,8.52
https://vietgoing.com/top/625-top-5-khach-san-duong-vuon-dao-bai-chay-gan-cong-vien-gia-tot.html,162,9660,1.68%,10.89
https://vietgoing.com/destination/884-canh-dong-muong-than.html,161,5792,2.78%,8.44
https://vietgoing.com/top/883-top-5-khach-san-ha-noi-phong-cach-nhat-ban-toi-gian-va-tinh-te.html,158,1707,9.26%,7.19
https://vietgoing.com/top/392-top-10-khach-san-3-sao-da-lat-duoc-dat-nhieu-nhat.html,157,10910,1.44%,13.55
https://vietgoing.com/top/651-top-7-khach-san-gan-khu-pho-trang-tien-dinh-tien-hoang-sang-trong.html,157,8081,1.94%,8.5
https://vietgoing.com/top/2-top-10-homestay-moc-chau-dep-dang-de-trai-nghiem-nhat-hien-nay.html,156,21295,0.73%,12.89
https://vietgoing.com/destination/77-rung-thong-ban-ang.html,156,17845,0.87%,8.81
https://vietgoing.com/article/350-canh-dep-mien-trung-6-dia-diem-dep-va-noi-tieng.html,156,6454,2.42%,5.5
https://vietgoing.com/hotel/2047-ve-que-farmstay-ha-noi.html,155,4647,3.34%,8.79
https://vietgoing.com/tour/dest-117-lang-sen-que-bac.html,155,887,17.47%,10.65
"https://vietgoing.com/hotel/city-58-ninh-thuan.html?type=Resort&suc-khoe-spa%5B0%5D=T%E1%BA%AFm 
b%C3%B9n",155,771,20.1%,10.84
https://vietgoing.com/article/118-top-15-diem-du-lich-o-binh-thuan-tuyet-dep-song-ao-moi-tay.html,154,21118,0.73%,12.21
https://vietgoing.com/top/308-top-cac-khach-san-tot-nhat-tai-dao-quan-lan.html,152,7816,1.94%,20.47
https://vietgoing.com/hotel/321-vuon-may-homestay-sapa.html,151,12124,1.25%,9.12
https://vietgoing.com/hotel/3023-aqua-hotel-ha-long.html,151,5750,2.63%,6.72
https://vietgoing.com/tour/city-14-son-la.html,151,5112,2.95%,15.14
https://vietgoing.com/destination/248-ho-hoan-kiem.html,150,37968,0.4%,12.41
https://vietgoing.com/destination/581-cau-hien-luong-song-ben-hai.html,150,18328,0.82%,9.44
https://vietgoing.com/top/728-top-10-khach-san-tai-quan-hoan-kiem-ha-noi-co-bai-do-xe-gia-re-nhat.html,150,11870,1.26%,9.42
https://vietgoing.com/destination/829-khu-du-lich-sinh-thai-binh-an.html,149,2713,5.49%,10.04
"https://vietgoing.com/destination/district-250-huyen-kim-bang.html?type=%C4%90%C3%A8o 
n%C3%BAi, S%C3%B4ng h%E1%BB%93, Th%C3%A1c su%E1%BB%91i",149,1998,7.46%,6.5
https://vietgoing.com/hotel/3631-sailing-tower-hotel-ha-tinh.html,147,8117,1.81%,8.8
https://vietgoing.com/hotel/1841-the-loop-boutique-hotel-cafe-da-lat.html,147,6520,2.25%,8.23
https://vietgoing.com/article/324-tong-hop-cac-dia-danh-dep-nuc-tieng-o-tuyen-quang-khong-nen-bo-lo.html,146,21718,0.67%,10.14
https://vietgoing.com/hotel/682-kumo-chan-homestay-tam-dao.html,145,12740,1.14%,7.89
https://vietgoing.com/hotel/2493-december-hotel-nha-trang.html,144,5836,2.47%,13.33
https://vietgoing.com/destination/13-den-hung.html,143,56006,0.26%,9.26
https://vietgoing.com/hotel/3080-giang-ha-hotel-cat-ba.html,142,1204,11.79%,8.78
https://vietgoing.com/article/173-kham-pha-10-diem-du-lich-quy-nhon-dep-nhat.html,140,14159,0.99%,18.97
https://vietgoing.com/destination/1013-suoi-mo-hoi-mit-hue.html,140,11398,1.23%,9.52
https://vietgoing.com/hotel/3783-green-dragon-boutique-hotel-quang-ninh.html,140,5051,2.77%,7.54
https://vietgoing.com/hotel/904-hth-ruby-sam-son-hotel.html,139,12402,1.12%,10.45
https://vietgoing.com/destination/659-trung-tam-du-lich-buon-don.html,139,10337,1.34%,11.16
https://vietgoing.com/destination/761-bien-ha-tien.html,138,45867,0.3%,6.33
https://vietgoing.com/destination/553-cot-moc-so-0.html,138,22378,0.62%,8.8
https://vietgoing.com/top/60-top-9-resort-ninh-binh-dep-lac-loi-tai-thien-duong-sinh-thai.html,137,11871,1.15%,18.07
https://vietgoing.com/hotel/district-362-quan-hai-chau.html,133,18609,0.71%,10.6
https://vietgoing.com/top/14-top-10-homestay-tai-sapa-gan-trung-tam-co-view-sieu-dep.html,132,10319,1.28%,11.24
https://vietgoing.com/destination/985-soc-bom-bo.html,131,9274,1.41%,11.1
https://vietgoing.com/destination/679-ben-nha-rong-bao-tang-ho-chi-minh.html,130,67411,0.19%,8.18
https://vietgoing.com/hotel/3768-century-hotel-cua-lo.html,128,5641,2.27%,8.41
https://vietgoing.com/tour/city-57-lam-dong.html,128,2043,6.27%,17.39
https://vietgoing.com/destination/946-chua-dong-thien.html,127,5791,2.19%,7.6
https://vietgoing.com/hotel/1967-hien-linh-hotel-ha-long.html,127,2915,4.36%,10.27
https://vietgoing.com/tour/587-tour-du-lich-dia-dao-cu-chi-nua-ngay.html,126,9651,1.31%,19.72
https://vietgoing.com/ticket/30-ve-ambassador-club-ana-marina-nha-trang-the-yacht-buffet-bbq.html,126,7389,1.71%,12.81
https://vietgoing.com/hotel/862-the-may-garden-ba-vi.html,126,6017,2.09%,11.24
https://vietgoing.com/hotel/2987-eo-gio-homestay-tam-dao.html,126,3892,3.24%,8.16
https://vietgoing.com/hotel/3195-lamer-thien-cam-hotel.html,125,13567,0.92%,9.9
https://vietgoing.com/top/326-top-9-khach-san-4-sao-quan-1-ho-chi-minh-duoc-dat-nhieu-nhat.html,125,11046,1.13%,13.95
https://vietgoing.com/top/57-top-12-resort-nha-trang-gan-bien-co-bai-bien-rieng-cuc-cuon-hut.html,125,10022,1.25%,25.77
https://vietgoing.com/top/111-top-10-biet-thu-villa-sang-xin-dep-nhat-tai-ba-vi-ha-noi.html,125,7659,1.63%,13.65
https://vietgoing.com/hotel/1743-hoa-cuong-hotel-dong-van.html,124,12444,1%,9.12
https://vietgoing.com/destination/870-cho-phien-bac-ha.html,124,9766,1.27%,12.69
https://vietgoing.com/hotel/3098-tuan-vu-hotel-co-to.html,124,9226,1.34%,9.5
https://vietgoing.com/top/150-top-10-khach-san-quy-nhon-gia-re-co-be-boi-view-cuc-dep.html,123,11747,1.05%,19.04
https://vietgoing.com/hotel/3492-genuss-hotel-tam-dao.html,123,11276,1.09%,9.2
https://vietgoing.com/destination/236-lang-hoa-van-thanh.html,123,9759,1.26%,11.98
https://vietgoing.com/destination/733-bien-con-den.html,121,25525,0.47%,5.8
"https://vietgoing.com/destination/district-244-huyen-thai-thuy.html?type=%C4%90%C3%A8o 
n%C3%BAi, S%C3%B4ng h%E1%BB%93, Th%C3%A1c su%E1%BB%91i",121,1055,11.47%,5.41
https://vietgoing.com/destination/70-hon-trong-mai-ha-long-hon-ga-choi.html,120,18697,0.64%,9.71
https://vietgoing.com/article/80-dam-chim-trong-khung-canh-co-kinh-linh-thieng-cua-5-ngoi-chua-noi-tieng-o-vinh-long.html,120,13305,0.9%,7.09
https://vietgoing.com/top/213-top-10-khach-san-3-sao-da-nang-gan-cau-rong.html,120,12291,0.98%,12.39
https://vietgoing.com/article/160-kham-pha-8-diem-du-lich-noi-tieng-o-vinh-phuc.html,118,25454,0.46%,10.14
https://vietgoing.com/top/129-top-9-khach-san-tuy-hoa-phu-yen-gia-re-tien-nghi-nhat-hien-nay.html,118,17670,0.67%,15.4
https://vietgoing.com/destination/district-217-quan-le-chan.html,118,1546,7.63%,14.27
https://vietgoing.com/destination/district-362-quan-hai-chau.html,116,26138,0.44%,4.2
https://vietgoing.com/top/17-top-7-homestay-meo-vac-ha-giang-gia-re-co-view-sieu-dep.html,116,15637,0.74%,11.72
https://vietgoing.com/article/333-kham-pha-11-diem-den-ly-tuong-o-binh-phuoc.html,116,12363,0.94%,12.02
https://vietgoing.com/article/907-kinh-nghiem-di-bien-vo-cuc-thai-binh.html,116,3551,3.27%,19.04
https://vietgoing.com/top/628-top-5-khach-san-gan-bai-tam-hon-gai-ha-long-view-dep-tien-nghi-nhat.html,115,5158,2.23%,12.05
https://vietgoing.com/hotel/112-gio-s-house-van-ho.html,114,2711,4.21%,9.58
https://vietgoing.com/destination/146-trung-tam-thanh-mau-tra-kieu.html,113,5282,2.14%,9.73
https://vietgoing.com/destination/135-khu-du-lich-nghi-son.html,112,11876,0.94%,10.6
https://vietgoing.com/hotel/2142-doi-co-thom-hoa-binh.html,112,9883,1.13%,10.25
https://vietgoing.com/top/678-top-5-khach-san-pho-hang-ga-trung-tam-pho-co-thuan-tien-di-chuyen.html,112,6384,1.75%,9.03
https://vietgoing.com/destination/440-bai-cha-la-ninh-thuan.html,111,3499,3.17%,6.54
https://vietgoing.com/hotel/486-ba-that-resort-binh-thuan.html,110,14839,0.74%,10.73
https://vietgoing.com/top/899-top-7-khach-san-quan-5-tp-ho-chi-minh-gan-cho-lon-pho-nguoi-hoa.html,110,12927,0.85%,9.6
https://vietgoing.com/top/79-top-7-khach-san-gan-bien-nhat-le-quotsang-xinquot-nhat-quang-binh.html,110,11681,0.94%,18.41
"https://vietgoing.com/hotel/district-400-thanh-pho-quy-nhon.html?type=Resort&suc-khoe-spa%5B0%5D=T%E1%BA%AFm 
b%C3%B9n&sort=review",110,495,22.22%,5.91
https://vietgoing.com/top/648-top-8-khach-san-gan-lang-bac-quan-ba-dinh-duoc-dat-nhieu-nhat.html,109,11376,0.96%,10.05
https://vietgoing.com/top/340-top-18-khach-san-4-sao-ban-phai-thu-khi-den-hue.html,109,8712,1.25%,10.52
https://vietgoing.com/destination/869-cho-muong-hum.html,109,6614,1.65%,9.83
https://vietgoing.com/top/747-top-7-khach-san-3-sao-gan-ho-tay-gia-tot-duoc-dat-nhieu-nhat.html,107,10014,1.07%,10.46
https://vietgoing.com/article/264-cuoi-tuan-di-choi-dau-khi-o-sai-gon.html,107,9892,1.08%,21
https://vietgoing.com/destination/579-thanh-co-quang-tri.html,106,17452,0.61%,12.41
https://vietgoing.com/destination/134-bien-hai-hoa.html,106,13028,0.81%,13.29
https://vietgoing.com/top/164-he-thong-khach-san-muong-thanh-ha-long.html,106,9235,1.15%,19.96
https://vietgoing.com/hotel/3688-halo-retreat-hoa-binh.html,106,3695,2.87%,11.4
https://vietgoing.com/hotel/1041-thai-ha-boutique-ha-long-hotel.html,105,12354,0.85%,10.39
https://vietgoing.com/article/cate-1-ve-chung-toi.html,105,5863,1.79%,2.78
https://vietgoing.com/hotel/3234-bidv-hotel-cua-lo.html,105,3382,3.1%,10.58
https://vietgoing.com/hotel/district-364-quan-ngu-hanh-son.html?star=3,104,11739,0.89%,10.73
https://vietgoing.com/top/377-top-10-khach-san-2-sao-o-cat-ba-gia-re-nhat.html,104,9655,1.08%,14.27
https://vietgoing.com/top/290-top-15-khach-san-4-sao-o-sapa-dang-de-trai-nghiem.html,104,6495,1.6%,10.38
https://vietgoing.com/top/997-top-10-resort-phan-thiet-mui-ne-to-chuc-tiec-cuoi-ngoai-troi-dep-nhat.html,104,1299,8.01%,9.73
https://vietgoing.com/top/99-top-15-khach-san-gan-nha-tho-da-sapa-tot-nhat-khong-the-bo-qua.html,103,6485,1.59%,12.42
https://vietgoing.com/article/309-cam-nang-du-lich-phan-rang-thap-cham-tu-a-den-z-moi-nhat.html,102,26075,0.39%,12.33
https://vietgoing.com/hotel/1639-luxe-hotel-quang-binh.html,102,10841,0.94%,9.12
https://vietgoing.com/article/179-top-7-diem-du-lich-dep-hap-dan-khong-the-bo-qua-khi-den-tam-dao.html,102,10706,0.95%,12.95
https://vietgoing.com/top/86-top-10-khach-san-tai-quan-1-ho-chi-minh-dep-co-be-boi-cuc-chill.html,102,7810,1.31%,15.08
https://vietgoing.com/destination/372-lang-van-hoa-cac-dan-toc-viet-nam.html,102,7487,1.36%,14.64
https://vietgoing.com/article/383-cam-nang-du-lich-ninh-hoa-khanh-hoa-tu-a-den-z-moi-nhat.html,102,6799,1.5%,12.62
https://vietgoing.com/hotel/1840-a1-lang-son-hotel.html,102,6431,1.59%,10.65
"https://vietgoing.com/destination/district-421-thanh-pho-cam-ranh.html?type=Ch%E1%BB%A3, 
trung t%C3%A2m th%C6%B0%C6%A1ng m%E1%BA%A1i",102,1379,7.4%,8.45
https://vietgoing.com/top/414-he-thong-khach-san-liberty-central-sai-gon.html,101,13342,0.76%,19.31
https://vietgoing.com/hotel/3728-ho-tram-golden-hotel.html,101,12669,0.8%,13.88
https://vietgoing.com/top/90-top-9-resort-hoa-binh-dep-gia-re-khong-the-bo-lo.html,101,12112,0.83%,20.77
https://vietgoing.com/top/105-top-15-khach-san-gan-pho-co-dep-sang-chanh-nhat-hien-nay.html,101,7560,1.34%,10.98
https://vietgoing.com/top/72-top-7-resort-hue-dep-gia-re-duoc-menh-danh-quotthien-duong-nghi-duongquot.html,101,6135,1.65%,22.82
https://vietgoing.com/top/107-top-15-khach-san-pho-co-ha-noi-gia-re-duoc-yeu-thich-nhat-hien-nay.html,101,4645,2.17%,12.56
https://vietgoing.com/destination/117-lang-sen-que-bac.html,100,12083,0.83%,10.53
https://vietgoing.com/destination/294-nui-na-lay.html,100,6403,1.56%,7.37
https://vietgoing.com/hotel/33-armani-sapa-village.html,100,6059,1.65%,8.57
https://vietgoing.com/destination/368-doi-thi-nhan-han-mac-tu.html,100,2032,4.92%,9.55
https://vietgoing.com/hotel/3593-sapa-hotel-cua-lo.html,99,2744,3.61%,7.26
https://vietgoing.com/hotel/2761-chat-homestay-21-chau-long.html,98,4893,2%,8.48
https://vietgoing.com/article/234-6-diem-check-in-bao-chat-o-buon-ma-thuot.html,98,3755,2.61%,13.83
https://vietgoing.com/hotel/3588-homestay-suoi-khoang-minh-hang.html,98,2321,4.22%,8.71
https://vietgoing.com/top/780-top-3-resort-da-lat-co-khu-vui-choi-tre-em-hien-dai-nhat-cho-gia-dinh.html,98,2174,4.51%,11.58
https://vietgoing.com/tour/dest-248-ho-hoan-kiem.html,98,1658,5.91%,14.09
"https://vietgoing.com/destination/city-13-an-giang.html?type=B%C3%A3i 
bi%E1%BB%83n, V%E1%BB%8Bnh, %C4%90%E1%BA%A3o",97,6566,1.48%,8.52
https://vietgoing.com/destination/126-den-tho-trang-quynh.html,97,3186,3.04%,9.51
https://vietgoing.com/destination/district-221-quan-duong-kinh.html,97,928,10.45%,12.05
https://vietgoing.com/destination/309-vinpearl-waterpark-ha-tinh.html,96,12441,0.77%,11.18
https://vietgoing.com/hotel/3846-the-victoria-resort-sam-son.html,95,5919,1.61%,11.81
https://vietgoing.com/article/137-danh-gia-armani-homestay-sapa-day-du-va-chi-tiet-nhat.html,95,5127,1.85%,7.74
https://vietgoing.com/hotel/city-53-tay-ninh.html?type=Resort,95,3351,2.83%,9.73
https://vietgoing.com/hotel/district-261-huyen-xuan-truong.html,95,1576,6.03%,7.44
https://vietgoing.com/hotel/1758-golden-era-hotel-vung-tau.html,94,15704,0.6%,13.06
https://vietgoing.com/destination/586-duong-truong-son-duong-mon-ho-chi-minh.html,94,9661,0.97%,8.58
https://vietgoing.com/tour/city-10-lao-cai.html,94,3107,3.03%,17.54
https://vietgoing.com/destination/356-con-my-phuoc.html,93,10190,0.91%,10.44
https://vietgoing.com/top/45-top-11-resort-chuan-5-sao-sang-xin-cao-cap-nhat-da-nang.html,93,9569,0.97%,16.59
https://vietgoing.com/hotel/718-sunflower-nhat-le.html,93,3993,2.33%,13.35
https://vietgoing.com/destination/520-thung-lung-tinh-yeu-ban-coi.html,93,833,11.16%,12.81
https://vietgoing.com/hotel/3935-aloha-hotel-vung-tau.html,92,21209,0.43%,9.95
https://vietgoing.com/ticket/3-ve-tau-hoa-leo-nui-fansipan-tuyen-dinh-chieu-len.html,92,16703,0.55%,11.02
https://vietgoing.com/top/123-top-7-khach-san-tai-moc-chau-gia-re-tien-nghi-nhat-hien-nay.html,92,10702,0.86%,17.67
https://vietgoing.com/hotel/3488-nha-ven-ho-dong-do.html,92,7793,1.18%,10.47
https://vietgoing.com/top/715-chuoi-ks-nature-da-lat-gan-trung-tam-nhieu-lua-chon-gia-moi-nhat.html,92,7653,1.2%,10.95
https://vietgoing.com/top/706-top-15-khach-san-4-sao-ba-dinh-ha-noi-hien-dai-duoc-yeu-thich-nhat.html,92,5380,1.71%,10.67
https://vietgoing.com/hotel/3186-isea-by-the-sea-ninh-hoa.html,92,4192,2.19%,6.94
https://vietgoing.com/hotel/3334-raon-palm-village-hoi-an.html,92,4121,2.23%,16.54
https://vietgoing.com/hotel/2369-fivitel-song-ngan.html,92,2997,3.07%,11.65
https://vietgoing.com/hotel/3623-20-10-hotel-quang-binh.html,92,2755,3.34%,8.17
https://vietgoing.com/destination/552-bai-bien-da-nhay.html,91,7133,1.28%,10.51
https://vietgoing.com/destination/513-toa-thanh-tay-ninh.html,90,18956,0.47%,17.47
https://vietgoing.com/top/682-top-10-khach-san-dep-nhat-tren-pho-hang-bong-vi-tri-vang-gan-ho-guom.html,90,6629,1.36%,8.98
https://vietgoing.com/destination/265-thac-dray-nur.html,89,7091,1.26%,15.4
https://vietgoing.com/hotel/3835-de-tuva-resort-mui-ne.html,88,13434,0.66%,10.84
https://vietgoing.com/tour/511-binh-hung-nha-trang-4-ngay-3-dem.html,88,6955,1.27%,22.54
https://vietgoing.com/hotel/1299-savanna-hotel-ha-long.html,88,2896,3.04%,10.53
"https://vietgoing.com/destination/district-17-huyen-dong-van.html?type=%C4%90%E1%BB%81n, 
Ch%C3%B9a, Nh%C3%A0 Th%E1%BB%9D",88,730,12.05%,7.21
https://vietgoing.com/destination/332-chua-tran-quoc.html,87,27450,0.32%,11.4
https://vietgoing.com/top/734-top-9-khach-san-quan-nam-tu-liem-ha-noi-duoc-dat-nhieu-nhat.html,87,6795,1.28%,9.13
https://vietgoing.com/top/307-top-5-khach-san-3-sao-view-bien-phu-quoc-luon-chay-phong-dip-cao-diem.html,86,12572,0.68%,20.34
https://vietgoing.com/hotel/3424-rova-hotel-phu-quoc.html,86,7614,1.13%,9.68
https://vietgoing.com/hotel/2365-nu-hoang-hotel-da-nang.html,86,2885,2.98%,10.63
https://vietgoing.com/hotel/district-143-huyen-van-don.html?star=3,86,2272,3.79%,15.62
"https://vietgoing.com/destination/district-106-huyen-luong-son.html?type=%C4%90%E1%BB%81n, 
Ch%C3%B9a, Nh%C3%A0 Th%E1%BB%9D",86,487,17.66%,8.15
https://vietgoing.com/destination/118-lang-hoang-tru.html,85,5801,1.47%,8.18
https://vietgoing.com/destination/391-rung-tram-gio-nguyen-sinh-long-an.html,85,4254,2%,6.37
https://vietgoing.com/top/689-top-10-khach-san-ha-noi-gan-duong-tran-thai-tong-sieu-dep.html,85,3197,2.66%,9.33
https://vietgoing.com/hotel/2262-gia-an-hotel-vung-tau.html,84,12161,0.69%,11.11
https://vietgoing.com/top/223-diem-danh-9-resort-nha-trang-sat-bien-voi-view-trieu-do.html,84,10575,0.79%,21.15
https://vietgoing.com/hotel/3057-la-isla-bonita-phu-quy.html,84,1408,5.97%,8.34
https://vietgoing.com/hotel/3761-ngoc-nhan-hotel-co-to.html,83,3937,2.11%,10.39
https://vietgoing.com/top/53-top-10-khach-san-vung-tau-gia-re-gan-bien-duoc-dat-nhieu-nhat.html,82,19903,0.41%,25.92
https://vietgoing.com/destination/584-cau-treo-dakrong.html,82,5523,1.48%,8.43
https://vietgoing.com/destination/district-186-huyen-thuan-thanh.html,82,4052,2.02%,13.96
https://vietgoing.com/hotel/349-roses-villa-biet-thu-hoa-hong-tam-dao.html,82,3014,2.72%,12.73
https://vietgoing.com/hotel/1120-minh-duc-luxury-hotel-ha-long.html,82,2704,3.03%,12.28
https://vietgoing.com/hotel/890-lang-nuong-yen-tu.html,82,2210,3.71%,20.64
"https://vietgoing.com/destination/district-325-huyen-nghi-xuan.html?type=C%C3%B4ng 
vi%C3%AAn, Khu vui ch%C6%A1i",82,1337,6.13%,10.37
https://vietgoing.com/destination/38-den-tho-chu-van-an.html,81,32549,0.25%,10.18
https://vietgoing.com/destination/343-van-gia-nha-trang.html,81,14886,0.54%,9.21
https://vietgoing.com/top/442-top-8-resort-nha-trang-voi-biet-thu-rieng-tu-va-ho-boi-ca-nhan.html,81,6620,1.22%,13.55
https://vietgoing.com/hotel/1370-chau-nguyen-nhi-hotel-ha-long.html,81,957,8.46%,11.11
https://vietgoing.com/destination/district-105-huyen-ky-son.html,81,928,8.73%,11.3
https://vietgoing.com/destination/681-cho-lon-moi-cho-binh-tay.html,80,15162,0.53%,13.92
https://vietgoing.com/article/284-kham-pha-12-diem-du-lich-dep-o-lang-son.html,80,13293,0.6%,11.28
https://vietgoing.com/hotel/1081-the-leaf-boutique-hotel-da-nang.html,80,12984,0.62%,13.49
https://vietgoing.com/destination/818-khu-du-lich-buon-don.html,80,4043,1.98%,18.25
https://vietgoing.com/top/427-top-3-khach-san-co-view-ho-tay-cuc-dep-danh-cho-cac-cap-doi.html,80,2968,2.7%,18.9
https://vietgoing.com/hotel/1826-sen-hong-lotus-hotel-ha-long.html,80,1728,4.63%,17.9
https://vietgoing.com/hotel/1226-thanh-binh-hotel-sai-gon.html,79,14544,0.54%,11.59
https://vietgoing.com/hotel/3085-family-hotel-nha-trang.html,79,5011,1.58%,16.27
"https://vietgoing.com/destination/district-365-quan-cam-le.html?type=B%C3%A3i 
bi%E1%BB%83n, V%E1%BB%8Bnh, %C4%90%E1%BA%A3o",79,1194,6.62%,10.28
https://vietgoing.com/destination/447-bao-tang-dan-toc-hoc-viet-nam.html,78,88536,0.09%,8.41
https://vietgoing.com/tour/city-56-khanh-hoa.html,78,14894,0.52%,63.79
https://vietgoing.com/destination/809-cao-nguyen-van-hoa.html,78,4282,1.82%,10.68
"https://vietgoing.com/tour/city-49-quang-nam.html?city_from=H%C3%A0 
N%E1%BB%99i",78,1419,5.5%,13.01
"https://vietgoing.com/destination/district-18-huyen-meo-vac.html?type=%C4%90%E1%BB%81n, 
Ch%C3%B9a, Nh%C3%A0 Th%E1%BB%9D",78,629,12.4%,11.16
https://vietgoing.com/hotel/1066-de-ma-at-hotel-da-lat.html,77,25926,0.3%,10.58
https://vietgoing.com/hotel/3619-phu-an-hotel-da-nang.html,77,14421,0.53%,11.04
https://vietgoing.com/destination/562-deo-ngang.html,77,10623,0.72%,11.68
https://vietgoing.com/hotel/323-mimosa-villa-tam-dao.html,77,5462,1.41%,8.02
https://vietgoing.com/destination/461-ban-dao-hon-heo-nha-trang-phuoc-ha-son.html,77,3654,2.11%,11.36
https://vietgoing.com/hotel/3799-quynh-hoa-hotel-tam-dao.html,77,3023,2.55%,7.23
"https://vietgoing.com/hotel/district-109-huyen-tan-lac.html?type=Khu 
ngh%E1%BB%89 d%C6%B0%E1%BB%A1ng&tien-nghi%5B0%5D=B%C3%A3i %C4%91%E1%BB%97 
xe&dich-vu%5B0%5D=M%C3%A1y in/Photocopy&dich-vu-phong%5B0%5D=Truy%E1%BB%81n 
h%C3%ACnh c%C3%A1p&canh-quan%5B0%5D=B%C3%A3i bi%E1%BB%83n 
ri%C3%AAng&canh-quan%5B1%5D=Khu v%E1%BB%B1c 
picnic&canh-quan%5B2%5D=S%C3%A2n th%C6%B0%E1%BB%A3ng ng%E1%BA%AFm 
c%E1%BA%A3nh&sort=price",77,684,11.26%,7.77
https://vietgoing.com/destination/877-sun-plaza-sapa.html,76,13681,0.56%,12.57
https://vietgoing.com/destination/922-chua-bich-nam.html,76,1722,4.41%,8.1
https://vietgoing.com/destination/424-phim-truong-mekong.html,76,1462,5.2%,14.12
https://vietgoing.com/hotel/1274-pink-berry-hotel-ha-long.html,76,911,8.34%,7.43
https://vietgoing.com/article/202-cam-nang-du-lich-cu-lao-cham-tu-a-den-z-moi-nhat.html,75,35489,0.21%,11.25
https://vietgoing.com/top/59-top-10-khach-san-ninh-binh-gan-hang-mua-gia-re-tot-nhat-hien-nay.html,75,15529,0.48%,18.85
https://vietgoing.com/hotel/3176-hon-ngu-hotel-cua-lo.html,75,6286,1.19%,9.48
https://vietgoing.com/destination/698-dao-ngoc-vinh-phuc.html,75,4888,1.53%,10.3
https://vietgoing.com/top/796-top-5-khach-san-dep-khu-vuc-khe-sanh-da-lat-view-rung-sieu-chill.html,75,4612,1.63%,10.08
https://vietgoing.com/hotel/2894-daewoo-cua-lo-hotel.html,75,3884,1.93%,8.96
https://vietgoing.com/hotel/2679-thung-lung-sun-view-homestay-da-lat.html,75,2211,3.39%,12.28
https://vietgoing.com/hotel/2901-79-luxury-ha-long-hotel.html,74,5551,1.33%,9.35
https://vietgoing.com/hotel/2522-rock-mila-phu-quoc-hotel.html,74,5242,1.41%,7.85
https://vietgoing.com/hotel/3514-green-homestay-ben-tre.html,74,4999,1.48%,13.46
https://vietgoing.com/hotel/3331-villa-nguyen-can-tam-dao.html,74,4393,1.68%,14.05
https://vietgoing.com/hotel/3367-tan-uyen-paradise.html,74,2365,3.13%,14.89
https://vietgoing.com/destination/321-cau-rach-mieu.html,73,26636,0.27%,6.95
https://vietgoing.com/hotel/2726-phoenix-minh-chau-hotel.html,73,11768,0.62%,11.18
https://vietgoing.com/hotel/2124-duy-tan-hotel-vinh.html,73,10087,0.72%,11.45
https://vietgoing.com/destination/1005-nha-tho-do-hai-ly.html,73,9698,0.75%,10.37
https://vietgoing.com/top/696-top-12-khach-san-quan-hai-ba-trung-ha-noi-gia-tot-nhat.html,73,8632,0.85%,10.2
https://vietgoing.com/destination/939-vuong-cung-thanh-duong-phu-nhai.html,73,6046,1.21%,10.73
https://vietgoing.com/destination/194-mui-dien-phu-yen.html,73,5300,1.38%,15.14
https://vietgoing.com/top/4-top-10-homestay-o-ha-giang-gia-re-dep-quen-loi-ve.html,73,3321,2.2%,12.57
https://vietgoing.com/tour/dest-263-ta-xua.html?sort=price-asc,73,3258,2.24%,13.16
https://vietgoing.com/top/996-top-10-resort-phan-thiet-phu-hop-cho-teambuilding-su-kien-ngoai-troi.html,73,2107,3.46%,17.97
https://vietgoing.com/destination/district-200-huyen-phu-xuyen.html,73,971,7.52%,9.46
https://vietgoing.com/tour/113-tour-hcm-vinh-long-2-ngay-1-dem-kham-pha-mien-tay-song-nuoc.html,72,6958,1.03%,17.26
https://vietgoing.com/destination/297-thac-khe-dau.html,72,3454,2.08%,9.39
https://vietgoing.com/destination/238-nha-may-lua-to-tam.html,72,2020,3.56%,7.5
https://vietgoing.com/tour/district-424-thi-xa-ninh-hoa.html,72,1585,4.54%,15.81
https://vietgoing.com/hotel/2974-la-vida-hotel-sam-son.html,72,861,8.36%,6.62
https://vietgoing.com/top/167-top-10-khach-san-da-lat-duoc-dat-nhieu-nhat.html,71,11912,0.6%,29.59
https://vietgoing.com/top/152-he-thong-khach-san-resort-nghi-duong-vinpearl-nha-trang.html,71,11732,0.61%,18.51
https://vietgoing.com/destination/277-mo-dai-tuong-vo-nguyen-giap.html,71,7624,0.93%,14.01
https://vietgoing.com/hotel/905-lang-sen-hasu-village-hoa-binh.html,71,5547,1.28%,16.37
https://vietgoing.com/hotel/2795-ceeland-nha-tren-doi.html,71,1692,4.2%,6.94
https://vietgoing.com/destination/37-den-do.html,70,13058,0.54%,10.84
https://vietgoing.com/hotel/2376-cong-doan-viet-nam-hotel.html,70,10567,0.66%,11.76
https://vietgoing.com/top/67-top-9-resort-quy-nhon-binh-dinh-gia-re-dep-view-bien-cuc-cuon-hut.html,70,9345,0.75%,24.69
https://vietgoing.com/top/700-top-15-khach-san-4-sao-quan-hoan-kiem-duoc-du-khach-dat-nhieu-nhat.html,70,5475,1.28%,9.59
https://vietgoing.com/hotel/1021-la-paloma-minh-chau-quang-ninh.html,70,5122,1.37%,10.62
https://vietgoing.com/destination/764-khu-du-lich-dao-o-dong-truong.html,70,4194,1.67%,19.44
https://vietgoing.com/tour/735-du-lich-sam-son-cua-lo-que-bac-3-ngay-2-dem.html,70,1814,3.86%,9.41
https://vietgoing.com/hotel/857-yes-hotel-da-nang.html,69,15642,0.44%,12.04
https://vietgoing.com/destination/104-suoi-khoang-nong-tram-tau.html,69,13606,0.51%,10.71
https://vietgoing.com/hotel/2055-chinh-thu-eco-garden-hotel-ninh-binh.html,69,5137,1.34%,9.73
https://vietgoing.com/hotel/1113-la-stella-hotel-ha-long.html,69,4571,1.51%,9.67
https://vietgoing.com/tour/district-137-thanh-pho-uong-bi.html,69,1312,5.26%,11.04
https://vietgoing.com/hotel/2706-lion-6-can-tho.html,68,20572,0.33%,9.18
https://vietgoing.com/hotel/3571-poko-ecolodge-tam-dao.html,68,18798,0.36%,7.52
https://vietgoing.com/destination/255-vuon-vua-resort-villas.html,68,11618,0.59%,15.56
https://vietgoing.com/hotel/465-vu-phong-prime-hotel-sam-son.html,68,9244,0.74%,9.18
https://vietgoing.com/hotel/1900-o-chen-ho-dong-do.html,68,7549,0.9%,10.4
https://vietgoing.com/top/75-top-9-homestay-ninh-binh-dep-sang-trong-duoc-yeu-thich-nhat.html,68,6880,0.99%,18.25
https://vietgoing.com/tour/657-tour-du-lich-sam-son-2-ngay-1-dem.html,68,2653,2.56%,12.43
https://vietgoing.com/top/998-top-7-khach-san-phan-thiet-co-buffet-sang-dang-trai-nghiem-nhat.html,68,2368,2.87%,11.71
"https://vietgoing.com/destination/district-227-huyen-vinh-bao.html?type=C%C3%B4ng 
vi%C3%AAn, Khu vui ch%C6%A1i",68,689,9.87%,7.88
https://vietgoing.com/destination/157-dai-noi-hue.html,67,27176,0.25%,12.32
https://vietgoing.com/destination/district-414-huyen-tuy-an.html,67,12378,0.54%,6.25
https://vietgoing.com/hotel/3771-cong-doan-hotel-vung-tau.html,67,6804,0.98%,11.41
https://vietgoing.com/article/395-kham-pha-8-con-deo-mien-bac-hut-hon-dan-du-lich-bui.html,67,3546,1.89%,9.74
https://vietgoing.com/hotel/2729-friendly-homestay-quan-lan.html,67,2817,2.38%,9.45
https://vietgoing.com/top/1-top-10-khach-san-sapa-checkin-sieu-dep-san-may-sieu-dinh.html,66,6714,0.98%,26.27
https://vietgoing.com/hotel/3759-the-one-hotel-2-ca-mau.html,66,6068,1.09%,8.52
https://vietgoing.com/top/687-top-5-khach-san-ha-noi-gan-trung-tam-hoi-nghi-quoc-gia-ncc-dep-nhat.html,66,4100,1.61%,12.18
https://vietgoing.com/hotel/2785-sunshine-hotel-ha-long.html,66,3119,2.12%,12.5
"https://vietgoing.com/destination/district-245-huyen-tien-hai.html?type=C%C3%B4ng 
vi%C3%AAn, Khu vui ch%C6%A1i",66,974,6.78%,12.32
https://vietgoing.com/hotel/3828-avari-hotel-nha-trang.html,65,9641,0.67%,11.07
https://vietgoing.com/top/374-top-12-khach-san-3-sao-cat-ba-duoc-dat-nhieu-nhat.html,65,5848,1.11%,14.29
https://vietgoing.com/ticket/19-ve-xe-limousine-ha-noi-tam-dao.html,65,2957,2.2%,11.95
"https://vietgoing.com/destination/district-361-quan-thanh-khe.html?type=B%C3%A3i 
bi%E1%BB%83n, V%E1%BB%8Bnh, %C4%90%E1%BA%A3o",65,2837,2.29%,8.51
https://vietgoing.com/hotel/district-205-huyen-nam-sach.html,65,1627,4%,8.26
https://vietgoing.com/hotel/3900-chau-khanh-hotel-co-to.html,65,1374,4.73%,7.55
https://vietgoing.com/destination/73-deo-thung-khe.html,64,12039,0.53%,7.53
https://vietgoing.com/destination/432-cang-ba-ngoi.html,64,8563,0.75%,8.94
https://vietgoing.com/top/74-top-15-homestay-gia-re-view-nui-rung-dep-nhat-o-ninh-binh.html,64,6401,1%,14.91
https://vietgoing.com/article/435-review-kumo-chan-homestay-tam-dao-homestay-co-phong-cach-nhat-ban-doc-la.html,64,5892,1.09%,8.46
https://vietgoing.com/hotel/1813-moc-sa-moc-chau-hotel.html,64,1958,3.27%,16
https://vietgoing.com/hotel/district-613-huyen-thanh-phu.html,64,1170,5.47%,8.58
"https://vietgoing.com/destination/district-295-huyen-nong-cong.html?type=B%C3%A3i 
bi%E1%BB%83n, V%E1%BB%8Bnh, %C4%90%E1%BA%A3o",64,589,10.87%,6.88
https://vietgoing.com/top/337-top-10-nhung-khach-san-gan-trung-tam-hue.html,63,9395,0.67%,14.05
https://vietgoing.com/destination/381-tuong-dai-duc-me-giang-son.html,63,7569,0.83%,10.38
https://vietgoing.com/top/793-top-5-khach-san-da-lat-duong-nam-ky-khoi-nghia-duoc-danh-gia-cao-nhat.html,63,6797,0.93%,10.42
https://vietgoing.com/destination/128-lang-nguyet-vien.html,63,6575,0.96%,7.96
https://vietgoing.com/top/930-top-10-resort-phan-thiet-lang-man-rieng-tu-cho-cap-doi-nghi-duong.html,63,2565,2.46%,19.27
https://vietgoing.com/hotel/1527-gold-city-hotel-tay-ninh.html,62,31182,0.2%,7.38
https://vietgoing.com/destination/8-chua-tay-yen-tu.html,62,10926,0.57%,9.79
https://vietgoing.com/destination/193-vinh-vung-ro-phu-yen.html,62,3692,1.68%,13.82
https://vietgoing.com/hotel/3803-thanh-loi-hotel-hai-tien.html,62,1964,3.16%,14.07
https://vietgoing.com/top/80-top-9-khach-san-gan-bien-gia-re-dang-trai-nghiem-nhat-quang-binh.html,61,8138,0.75%,18.06
https://vietgoing.com/hotel/3099-binh-an-nhien-hotel-ninh-binh.html,61,8079,0.76%,11.15
https://vietgoing.com/article/207-ghe-tham-10-ngoi-chua-co-noi-tieng-o-da-lat.html,61,6034,1.01%,12.71
https://vietgoing.com/top/790-top-10-khach-san-duong-bui-thi-xuan-da-lat-gan-trung-tam-gia-tot-nhat.html,61,5476,1.11%,9.47
https://vietgoing.com/hotel/1275-thai-binh-duong-hotel-cua-lo.html,61,3479,1.75%,13.27
https://vietgoing.com/hotel/3888-paradise-soc-son-resort.html,61,3240,1.88%,9.33
https://vietgoing.com/hotel/2765-chat-homestay-19-hang-thiec.html,61,2775,2.2%,11.22
https://vietgoing.com/hotel/2103-hai-au-hostel-tra-co.html,61,2696,2.26%,11.59
https://vietgoing.com/destination/866-cong-vien-ho-chi-minh.html,61,2058,2.96%,8.32
https://vietgoing.com/combo/913-combo-vinpearl-ha-long-nghi-duong-2-ngay-1-dem-full-an-3-bua-xe-dua-don.html,61,1819,3.35%,13.13
"https://vietgoing.com/hotel/city-36-nam-dinh.html?type=Khu ngh%E1%BB%89 
d%C6%B0%E1%BB%A1ng&tien-nghi%5B0%5D=Thang 
m%C3%A1y&suc-khoe-spa%5B0%5D=T%E1%BA%AFm 
kho%C3%A1ng&suc-khoe-spa%5B1%5D=X%C3%B4ng h%C6%A1i&sort=price",61,1389,4.39%,11.77
https://vietgoing.com/hotel/district-513-huyen-bu-dop.html,61,1136,5.37%,7.21
https://vietgoing.com/destination/district-365-quan-cam-le.html,61,826,7.38%,7.31
"https://vietgoing.com/destination/district-200-huyen-phu-xuyen.html?type=C%C3%B4ng 
vi%C3%AAn, Khu vui ch%C6%A1i",61,418,14.59%,8.15
https://vietgoing.com/hotel/3689-hotel-de-sapa.html,60,13742,0.44%,10.17
https://vietgoing.com/destination/388-nha-khach-chinh-phu.html,60,11021,0.54%,10.21
https://vietgoing.com/destination/11-den-ba-chua-kho.html,60,7240,0.83%,14.44
https://vietgoing.com/hotel/district-135-thanh-pho-mong-cai.html?star=3,60,5298,1.13%,12.33
https://vietgoing.com/destination/564-den-mau-thuong-sapa.html,60,4989,1.2%,8.81
https://vietgoing.com/destination/803-bien-khe-hai.html,60,4905,1.22%,9.86
https://vietgoing.com/hotel/1791-nha-khach-ha-an-hotel-ha-giang.html,60,4605,1.3%,12.67
https://vietgoing.com/destination/654-khu-du-lich-sinh-thai-nhan-tam.html,60,4125,1.45%,28.03
https://vietgoing.com/hotel/2898-lepont-minh-chau-hotel.html,60,3409,1.76%,11.18
https://vietgoing.com/tour/396-tour-trekking-vuon-quoc-gia-phu-quoc.html,60,1451,4.14%,16.89
"https://vietgoing.com/destination/district-206-huyen-kinh-mon.html?type=%C4%90%C3%A8o 
n%C3%BAi, S%C3%B4ng h%E1%BB%93, Th%C3%A1c su%E1%BB%91i",60,385,15.58%,7.87
https://vietgoing.com/destination/508-bai-sau-bai-thuy-van.html,59,19644,0.3%,15.76
https://vietgoing.com/ticket/5-ve-cap-treo-hon-thom-phu-quoc.html,59,11836,0.5%,22.33
https://vietgoing.com/hotel/3708-tgt-beach-hotel-da-nang.html,59,9984,0.59%,10.94
https://vietgoing.com/hotel/1804-bora-hotel-sapa.html,59,9259,0.64%,9.71
https://vietgoing.com/hotel/3289-my-my-hotel-tay-ninh.html,59,8803,0.67%,9.58
https://vietgoing.com/hotel/924-seaside-boutique-hotel-nha-trang.html,59,7078,0.83%,9.68
https://vietgoing.com/article/312-11-diem-du-lich-thu-vi-o-mong-cai-quang-ninh.html,59,5796,1.02%,13
https://vietgoing.com/hotel/3150-gia-bao-hotel-mong-cai.html,59,4835,1.22%,11.79
https://vietgoing.com/hotel/1371-tam-dao-xanh-hotel.html,59,3593,1.64%,13.08
https://vietgoing.com/hotel/2052-avilla-nui-villa-da-nang.html,59,1328,4.44%,10.61
"https://vietgoing.com/destination/district-273-thi-xa-bim-son.html?type=B%C3%A3i 
bi%E1%BB%83n, V%E1%BB%8Bnh, %C4%90%E1%BA%A3o",59,1069,5.52%,7.14
https://vietgoing.com/tour/dest-576-nghia-trang-liet-si-truong-son.html,59,516,11.43%,9.03
"https://vietgoing.com/destination/district-222-huyen-thuy-nguyen.html?type=%C4%90%C3%A8o 
n%C3%BAi, S%C3%B4ng h%E1%BB%93, Th%C3%A1c su%E1%BB%91i",59,405,14.57%,6.44
https://vietgoing.com/hotel/1199-swan-hotel-sapa.html,58,5617,1.03%,8.27
https://vietgoing.com/destination/685-chua-dia-tang-phi-lai-tu-chua-dung.html,58,5463,1.06%,15.74
https://vietgoing.com/hotel/89-king-ha-long-hotel.html,58,2515,2.31%,8.93
https://vietgoing.com/destination/605-cum-di-tich-dinh-chua-den-nghe-quan-lan.html,58,2358,2.46%,9.95
https://vietgoing.com/destination/754-vuon-hoa-da-quy-xuan-dinh-ha-noi.html,58,1775,3.27%,6.41
"https://vietgoing.com/tour/district-228-huyen-cat-hai.html?danh-muc=Combo 
Vinpearl",58,1131,5.13%,5.58
https://vietgoing.com/destination/158-chua-thien-mu-hue.html,57,5435,1.05%,20.45
https://vietgoing.com/hotel/1728-bui-tram-eco-valley-hoa-binh.html,57,5425,1.05%,8.37
https://vietgoing.com/hotel/2242-sapphire-hoa-binh.html,57,3221,1.77%,13.98
https://vietgoing.com/destination/377-nha-tho-duc-ba-sai-gon.html,56,26323,0.21%,9.21
https://vietgoing.com/destination/437-bai-bien-ca-na.html,56,12453,0.45%,10.7
https://vietgoing.com/hotel/2335-la-siesta-premium-sai-gon-hotel.html,56,5738,0.98%,12.9
https://vietgoing.com/hotel/45-phuc-anh-hotel-sam-son.html,56,5472,1.02%,13.7
https://vietgoing.com/hotel/221-dragon-legend-hotel-ha-long.html,56,5203,1.08%,13.29
https://vietgoing.com/destination/426-trang-trai-du-lich-bo-sua-dairy-farm.html,56,4795,1.17%,10.7
https://vietgoing.com/hotel/3128-hoa-dat-da-lat-hotel.html,56,4269,1.31%,9.52
https://vietgoing.com/hotel/1135-jayden-hotel-ha-long.html,56,4251,1.32%,9.24
https://vietgoing.com/destination/402-mieu-nam-co-mieu-ngu-hanh.html,56,4012,1.4%,9.95
https://vietgoing.com/hotel/222-dragon-minh-chau-resort-quang-ninh.html,56,3832,1.46%,13.21
https://vietgoing.com/top/779-top-10-khach-san-va-resort-da-lat-phu-hop-cho-gia-dinh-co-tre-nho.html,56,2914,1.92%,16.81
https://vietgoing.com/destination/383-cau-treo-na-lang.html,56,1814,3.09%,6.43
https://vietgoing.com/tour/dest-587-khu-can-cu-quan-su-khe-sanh.html,56,914,6.13%,24.05
https://vietgoing.com/ticket/1-ve-cap-treo-sapa-fansipan-legend-2-chieu.html,55,21941,0.25%,16.76
https://vietgoing.com/destination/752-ho-dai-lai.html,55,9124,0.6%,17.3
https://vietgoing.com/hotel/2161-thai-an-hotel-cua-lo.html,55,6819,0.81%,10
https://vietgoing.com/hotel/1997-four-oceans-resort-mui-ne-bon-bien-resort-mui-ne.html,55,6118,0.9%,15.09
https://vietgoing.com/top/980-top-10-resort-mui-ne-sat-bien-dep-nhat-tren-duong-nguyen-dinh-chieu.html,55,5982,0.92%,14.72
https://vietgoing.com/hotel/3496-bach-dang-hotel-ha-long.html,55,4686,1.17%,11.38
https://vietgoing.com/hotel/1094-gia-le-tam-dao-hotel.html,55,4562,1.21%,8.12
https://vietgoing.com/top/794-top-4-khach-san-duong-le-hong-phong-da-lat-yen-tinh-va-sang-trong-nhat.html,55,4446,1.24%,9.94
https://vietgoing.com/hotel/1231-ngoi-sao-zo-star-hotel-tam-dao.html,55,3449,1.59%,8.27
https://vietgoing.com/top/720-top-15-khach-san-3-sao-cau-giay-ha-noi-gia-tot-duoc-danh-gia-cao-nhat.html,55,2804,1.96%,9.74
https://vietgoing.com/hotel/district-298-huyen-tinh-gia.html,55,2758,1.99%,13.54
"https://vietgoing.com/destination/district-503-huyen-di-linh.html?type=B%C3%A3i 
bi%E1%BB%83n, V%E1%BB%8Bnh, %C4%90%E1%BA%A3o",55,1050,5.24%,15.55
"https://vietgoing.com/hotel/city-21-dong-thap.html?type=Khu ngh%E1%BB%89 
d%C6%B0%E1%BB%A1ng&star=5&sort=favorite",55,881,6.24%,8.95
https://vietgoing.com/destination/692-lang-nghe-det-tho-cam-zara.html,55,823,6.68%,10.69
https://vietgoing.com/destination/12-chua-tam-chuc.html,54,21261,0.25%,11.21
https://vietgoing.com/destination/415-bien-ninh-chu.html,54,15194,0.36%,12.98
https://vietgoing.com/hotel/3794-nhat-linh-atp-galaxy-hotel-da-nang.html,54,7144,0.76%,10.93
https://vietgoing.com/article/323-12-dia-diem-tham-quan-o-dong-van-khong-di-la-tiec-ca-doi.html,54,6924,0.78%,11.57
https://vietgoing.com/hotel/3183-summer-2-cua-lo-hotel.html,54,6070,0.89%,14.64
https://vietgoing.com/hotel/3847-anh-tu-hotel-restaurant-sapa.html,54,3529,1.53%,11.11
https://vietgoing.com/hotel/2553-sun-diamond-hotel-ha-long.html,54,3080,1.75%,11.07
https://vietgoing.com/hotel/3478-linh-trang-ha-long-hotel.html,54,2979,1.81%,8.55
https://vietgoing.com/hotel/2991-dc-aroma-villa-ho-dong-chanh.html,54,2511,2.15%,12.18
https://vietgoing.com/tour/665-tour-du-lich-hoa-lu-tam-coc-hang-mua-rung-cuc-phuong-2-ngay-1-dem.html,54,2404,2.25%,10.38
https://vietgoing.com/hotel/district-607-huyen-chau-thanh.html,54,2022,2.67%,8.76
https://vietgoing.com/hotel/district-512-huyen-loc-ninh.html,54,1847,2.92%,9.63
"https://vietgoing.com/destination/district-261-huyen-xuan-truong.html?type=C%C3%B4ng 
vi%C3%AAn, Khu vui ch%C6%A1i",54,333,16.22%,10.04
https://vietgoing.com/destination/765-khu-du-lich-buu-long.html,53,15055,0.35%,15.1
https://vietgoing.com/destination/40-den-kiep-bac.html,53,11109,0.48%,12.2
https://vietgoing.com/top/69-top-15-khach-san-hue-gia-re-dang-trai-nghiem-nhat-hien-nay.html,53,10480,0.51%,19.06
https://vietgoing.com/hotel/2866-a25-hotel-so-04-06-truong-dinh.html,53,10227,0.52%,9.68
https://vietgoing.com/hotel/906-tam-coc-lion-kings-hotel-resort.html,53,9510,0.56%,9.24
https://vietgoing.com/top/54-top-15-khach-san-o-trung-tam-vung-tau-co-view-sieu-dep.html,53,7294,0.73%,21.59
https://vietgoing.com/hotel/320-love-house-sapa.html,53,6343,0.84%,8.64
https://vietgoing.com/article/311-cam-nang-du-lich-vinh-lang-co-tu-a-den-z-moi-nhat.html,53,5742,0.92%,15.14
https://vietgoing.com/hotel/district-562-quan-tan-binh.html?star=3,53,5414,0.98%,21.32
https://vietgoing.com/hotel/2850-bn-hotel-nha-trang.html,53,4931,1.07%,11.79
https://vietgoing.com/destination/199-nha-tho-domain-de-marie.html,53,3816,1.39%,17.05
https://vietgoing.com/article/360-kham-pha-5-khu-rung-tram-noi-tieng-cua-mien-tay.html,53,3594,1.47%,8.73
"https://vietgoing.com/destination/district-185-thi-xa-tu-son.html?type=C%C3%B4ng 
vi%C3%AAn, Khu vui ch%C6%A1i",53,1317,4.02%,10.8
"https://vietgoing.com/destination/city-27-bac-ninh.html?type=%C4%90%C3%A8o 
n%C3%BAi, S%C3%B4ng h%E1%BB%93, Th%C3%A1c su%E1%BB%91i",53,1072,4.94%,9.45
"https://vietgoing.com/destination/district-197-huyen-chuong-my.html?type=%C4%90%C3%A8o 
n%C3%BAi, S%C3%B4ng h%E1%BB%93, Th%C3%A1c su%E1%BB%91i",53,481,11.02%,7.08
https://vietgoing.com/top/743-top-7-khach-san-5-sao-gan-ho-tay-ha-noi-sang-trong-duoc-yeu-thich-nhat.html,52,4704,1.11%,10.53
https://vietgoing.com/hotel/2893-juliet-s-boutique-hotel-ven07.html,52,4059,1.28%,8.75
https://vietgoing.com/top/676-top-10-khach-san-gan-pho-ta-hien-danh-cho-tin-do-kham-pha-dem-ha-noi.html,52,3005,1.73%,8.43
https://vietgoing.com/tour/145-ha-noi-suoi-khoang-yoko-onsen-quang-hanh-quang-ninh-1-ngay.html,52,2202,2.36%,18.95
https://vietgoing.com/tour/1071-tour-dao-bach-long-vi-2-ngay-1-dem.html,52,1912,2.72%,10.06
"https://vietgoing.com/hotel/city-1-ha-noi.html?type=Khu ngh%E1%BB%89 
d%C6%B0%E1%BB%A1ng&the-thao-giai-tri%5B0%5D=S%C3%A2n c%E1%BA%A7u l%C3%B4ng",52,266,19.55%,17.27
https://vietgoing.com/destination/147-song-thu-bon.html,51,14993,0.34%,10.76
https://vietgoing.com/destination/955-khu-du-lich-sinh-thai-m-drak.html,51,6541,0.78%,23.14
https://vietgoing.com/top/149-top-10-khach-san-ha-long-sieu-dep-co-be-boi-hot-nhat-hien-nay.html,51,5778,0.88%,22.9
https://vietgoing.com/tour/city-60-binh-thuan.html,51,5757,0.89%,41.75
https://vietgoing.com/hotel/2143-bien-xanh-dao-phu-quy.html,51,3522,1.45%,14.05
"https://vietgoing.com/tour/dest-211-thap-cham-poshanu-po-sah-inu.html?loai-tour=Kh%E1%BB%9Fi 
h%C3%A0nh h%C3%A0ng ng%C3%A0y&sort=price-asc",51,3009,1.69%,10.71
https://vietgoing.com/top/99-top-16-khach-san-gan-nha-tho-da-sapa-tot-nhat-khong-the-bo-qua.html,51,2416,2.11%,17.31
https://vietgoing.com/hotel/3897-napoleon-hotel-nha-trang.html,51,2043,2.5%,9.63
https://vietgoing.com/hotel/3314-bloom-boutique-hotel.html,51,1623,3.14%,8.16
"https://vietgoing.com/destination/district-227-huyen-vinh-bao.html?type=B%C3%A3i 
bi%E1%BB%83n, V%E1%BB%8Bnh, %C4%90%E1%BA%A3o",51,453,11.26%,8.62
https://vietgoing.com/tour/district-502-huyen-duc-trong.html,50,12311,0.41%,9.6
https://vietgoing.com/hotel/3746-bamboo-hotel-sai-gon.html,50,11529,0.43%,10.54
https://vietgoing.com/hotel/2796-chiu-chiu-resort-phu-quy.html,50,8312,0.6%,9.38
https://vietgoing.com/destination/106-deo-khau-pha.html,50,6718,0.74%,8.85
https://vietgoing.com/hotel/2070-sapa-grand-hills-hotel-apartments.html,50,5494,0.91%,10.67
https://vietgoing.com/hotel/3027-mandala-cham-bay-mui-ne.html,50,5169,0.97%,17.65
https://vietgoing.com/top/329-top-6-khach-san-4-sao-hue-duoc-dat-nhieu-nhat.html,50,3465,1.44%,14.85
https://vietgoing.com/destination/264-ruong-bac-thang-tai-xim-vang.html,50,2516,1.99%,8.05
https://vietgoing.com/top/768-top-10-khach-san-duong-muong-hoa-view-thung-lung-dep-bac-nhat-sapa.html,50,2515,1.99%,10.24
https://vietgoing.com/top/928-top-10-khach-san-phan-thiet-phu-hop-cho-gia-dinh-co-tre-nho-nhat.html,50,1999,2.5%,9.66
"https://vietgoing.com/destination/district-273-thi-xa-bim-son.html?type=C%C3%B4ng 
vi%C3%AAn, Khu vui ch%C6%A1i",50,679,7.36%,10.63
https://vietgoing.com/destination/189-quang-truong-24-nha-trang.html,49,15331,0.32%,9.4
https://vietgoing.com/destination/162-dao-ly-son.html,49,9972,0.49%,12.4
https://vietgoing.com/hotel/3617-homestay-ta-xua-lu-tre.html,49,5692,0.86%,10.62
https://vietgoing.com/article/275-cam-nang-du-lich-mu-cang-chai-tu-a-den-z-moi-nhat.html,49,5285,0.93%,16.61
https://vietgoing.com/hotel/3001-thang-long-hotel-sam-son.html,49,4819,1.02%,11.18
https://vietgoing.com/hotel/301-the-marron-hotel-sam-son.html,49,4797,1.02%,13.41
https://vietgoing.com/hotel/2289-ha-noi-hotel-tan-binh.html,49,4533,1.08%,11.15
https://vietgoing.com/hotel/2949-elc-da-nang-hotel.html,49,4517,1.08%,10.33
https://vietgoing.com/hotel/2888-grand-pearl-resort-quan-lan.html,49,4051,1.21%,10.79
https://vietgoing.com/destination/857-den-bao-ha-lao-cai.html,49,3434,1.43%,15.79
https://vietgoing.com/hotel/3058-luxury-hotel-quang-ngai.html,49,2285,2.14%,11.31
https://vietgoing.com/article/922-kinh-nghiem-du-lich-sapa-tet-nguyen-dan-nhung-dieu-ban-can-biet.html,49,2244,2.18%,6.07
https://vietgoing.com/hotel/3220-co-to-jade-island.html,49,1695,2.89%,9
https://vietgoing.com/hotel/3898-viet-duc-hotel-cua-lo.html,49,1687,2.9%,7.9
https://vietgoing.com/destination/865-lam-vien-thuy-hoa.html,49,1436,3.41%,11.39
https://vietgoing.com/destination/200-doi-vong-canh.html,49,1211,4.05%,15.04
"https://vietgoing.com/destination/district-250-huyen-kim-bang.html?type=C%C3%B4ng 
vi%C3%AAn, Khu vui ch%C6%A1i",49,717,6.83%,8.46
https://vietgoing.com/top/101-top-5-khach-san-resort-5-sao-cao-cap-sang-chanh-nhat-tai-phu-yen.html,48,8037,0.6%,17.44
https://vietgoing.com/destination/20-den-mau-dong-dang.html,48,6252,0.77%,11.34
https://vietgoing.com/hotel/3982-kamala-hotel-apartment-da-nang.html,48,5809,0.83%,9.11
https://vietgoing.com/hotel/3658-milan-hotel-phu-quoc.html,48,4685,1.02%,11.94
https://vietgoing.com/top/120-top-5-resort-phu-quoc-so-huu-bai-bien-rieng-dang-cap-dang-gay-sot.html,48,3981,1.21%,16.59
https://vietgoing.com/destination/468-bai-cay-me-dao-binh-hung.html,48,3909,1.23%,11.79
https://vietgoing.com/hotel/1319-luckful-hotel-ha-noi.html,48,3045,1.58%,7.7
https://vietgoing.com/hotel/district-419-huyen-dong-hoa.html?type=Homestay,48,1241,3.87%,10.3
"https://vietgoing.com/hotel/district-113-huyen-lac-thuy.html?type=Khu 
ngh%E1%BB%89 d%C6%B0%E1%BB%A1ng&the-thao-giai-tri%5B0%5D=Ph%C3%B2ng 
GYM&canh-quan%5B0%5D=Gi%C3%A1p bi%E1%BB%83n&sort=price",48,1037,4.63%,9
https://vietgoing.com/hotel/2913-khanh-gia-villa-maison-hoa-binh.html,48,1028,4.67%,12.13
"https://vietgoing.com/destination/district-98-huyen-mu-cang-chai.html?type=%C4%90%E1%BB%81n, 
Ch%C3%B9a, Nh%C3%A0 Th%E1%BB%9D",48,246,19.51%,5.96
https://vietgoing.com/hotel/3699-paris-hotel-chau-doc.html,47,7697,0.61%,14.33
https://vietgoing.com/top/206-top-10-resort-5-sao-da-nang-co-thiet-ke-doc-dao-dep-nhat.html,47,7306,0.64%,28.35
https://vietgoing.com/top/103-top-15-khach-san-5-sao-dang-cap-tien-nghi-nhat-ha-noi.html,47,7111,0.66%,29.06
https://vietgoing.com/hotel/3147-luxury-6-hotel-mong-cai.html,47,6857,0.69%,9.19
https://vietgoing.com/tour/dest-618-lang-chai-mui-ne.html,47,6739,0.7%,38.2
https://vietgoing.com/top/412-he-thong-khach-san-nesta-ha-noi.html,47,6259,0.75%,12.07
https://vietgoing.com/tour/city-1-ha-noi.html,47,4366,1.08%,12.97
https://vietgoing.com/top/697-top-10-khach-san-5-sao-quan-hoan-kiem-sang-trong-va-noi-tieng-nhat.html,47,3196,1.47%,9.81
https://vietgoing.com/top/673-top-5-khach-san-pho-hang-buom-trung-tam-am-thuc-pho-co.html,47,2735,1.72%,9.44
https://vietgoing.com/top/670-top-5-khach-san-gan-ho-truc-bach-ha-noi-yen-tinh-tien-nghi.html,47,2597,1.81%,9.19
https://vietgoing.com/article/370-kham-pha-9-diem-den-dep-nhat-viet-nam-ban-nen-check-in-1-lan-trong-doi.html,47,2589,1.82%,14.73
https://vietgoing.com/top/717-top-11-khach-san-4-sao-cau-giay-ha-noi-hien-dai-duoc-dat-nhieu-nhat.html,47,1906,2.47%,8.48
https://vietgoing.com/hotel/980-ha-my-hotel-cat-ba.html,47,1740,2.7%,13.29
https://vietgoing.com/tour/dest-798-dao-bach-long-vy.html,47,954,4.93%,8.68
https://vietgoing.com/hotel/district-187-huyen-gia-binh.html,47,629,7.47%,7.56
"https://vietgoing.com/hotel/district-436-thanh-pho-phan-thiet.html?type=Du 
thuy%E1%BB%81n&dich-vu%5B0%5D=%C4%90%C6%B0a %C4%91%C3%B3n s%C3%A2n bay 
mi%E1%BB%85n ph%C3%AD&dich-vu%5B1%5D=Gi%E1%BA%B7t 
l%C3%A0&the-thao-giai-tri%5B0%5D=L%E1%BB%9Bp t%E1%BA%ADp 
Yoga&canh-quan%5B0%5D=Gi%C3%A1p bi%E1%BB%83n&sort=favorite",47,614,7.65%,31.68
https://vietgoing.com/destination/312-cho-noi-ca-mau.html,46,7288,0.63%,9.41
https://vietgoing.com/hotel/3815-maida-lodge-resort-hoa-binh.html,46,6954,0.66%,10.09
https://vietgoing.com/top/177-top-9-homestay-quy-nhon-gia-re-duoc-du-khach-yeu-thich-nhat.html,46,6648,0.69%,16.42
https://vietgoing.com/destination/462-khu-du-lich-ganh-nhay.html,46,6588,0.7%,9.8
https://vietgoing.com/top/7-top-9-homestay-tam-dao-gia-re-view-dep-me-man-moi-nhat-hien-nay.html,46,6432,0.72%,10.48
https://vietgoing.com/top/133-top-14-khach-san-ha-long-gia-re-view-dep-ngat-ngay-hien-nay.html,46,6354,0.72%,19.8
https://vietgoing.com/hotel/1020-la-vague-hotel-nha-trang.html,46,4011,1.15%,12.65
https://vietgoing.com/hotel/1288-ha-long-golden-bay-hotel.html,46,2532,1.82%,15.04
https://vietgoing.com/hotel/2429-nhat-minh-hotel-apartment-da-nang.html,46,2456,1.87%,12.95
https://vietgoing.com/hotel/1760-sao-phuong-bac-hotel-sapa-north-start-hotel.html,46,2080,2.21%,12.76
https://vietgoing.com/destination/district-352-huyen-phong-dien.html,46,2036,2.26%,5.67
https://vietgoing.com/tour/715-nghi-duong-cat-ba-thien-duong-dao-tu-do-freedom-island-retreat-2-ngay-1-dem.html,46,907,5.07%,13.12
https://vietgoing.com/hotel/city-55-binh-phuoc.html?type=Resort,46,708,6.5%,8.51
https://vietgoing.com/tour/dest-311-ho-ke-go.html,46,618,7.44%,13.27
https://vietgoing.com/top/114-top-9-homestay-soc-son-gia-re-co-ho-boi-san-vuon-duoc-yeu-thich-nhat.html,45,6524,0.69%,17.49
https://vietgoing.com/hotel/2748-kumo-chan-hotel-moc-chau.html,45,5901,0.76%,9.66
https://vietgoing.com/top/197-top-9-khach-san-4-sao-quy-nhon-sang-trong-bac-nhat.html,45,5601,0.8%,20.53
https://vietgoing.com/hotel/154-sunset-villa-tam-dao.html,45,5260,0.86%,10.51
https://vietgoing.com/top/684-top-7-khach-san-dep-khu-vuc-giang-vo-ha-noi-thuan-tien-di-chuyen.html,45,4985,0.9%,11.28
https://vietgoing.com/destination/243-song-nho-que.html,45,4750,0.95%,13.05
https://vietgoing.com/hotel/3878-casepia-hotel-phu-quoc.html,45,4291,1.05%,10.17
https://vietgoing.com/hotel/893-royal-ninh-binh-hotel.html,45,3708,1.21%,10.79
https://vietgoing.com/hotel/3500-bo-xay-dung-hotel-vung-tau.html,45,3383,1.33%,10.57
https://vietgoing.com/destination/410-ruong-bac-thang-ban-bang.html,45,2750,1.64%,5.98
https://vietgoing.com/top/703-top-6-khach-san-5-sao-ba-dinh-ha-noi-sang-trong-duoc-yeu-thich-nhat.html,45,2648,1.7%,11.61
https://vietgoing.com/article/960-review-chi-tiet-ta-dung-vinh-ha-long-thu-nho-tai-dak-nong.html,45,2025,2.22%,18.73
https://vietgoing.com/tour/827-ha-noi-city-tour-1-ngay.html,45,1525,2.95%,26.3
https://vietgoing.com/hotel/1181-van-thanh-fleur-village-da-lat.html,45,1322,3.4%,12.74
https://vietgoing.com/tour/dest-581-cau-hien-luong-song-ben-hai.html,45,931,4.83%,8.45
https://vietgoing.com/top/530-top-5-khach-san-va-resort-vung-tau-co-khong-gian-to-chuc-tiec-cuoi-dep.html,45,826,5.45%,11.1
https://vietgoing.com/hotel/district-616-huyen-cang-long.html,45,810,5.56%,7.97
"https://vietgoing.com/destination/district-183-huyen-que-vo.html?type=%C4%90%C3%A8o 
n%C3%BAi, S%C3%B4ng h%E1%BB%93, Th%C3%A1c su%E1%BB%91i",45,518,8.69%,9.53
https://vietgoing.com/destination/103-doi-che-long-coc.html,44,7890,0.56%,9.37
https://vietgoing.com/hotel/3074-diamond-beach-hotel.html,44,6621,0.66%,11.67
https://vietgoing.com/top/663-top-10-khach-san-thuong-gia-tai-ha-noi-dang-cap-chuyen-nghiep-nhat.html,44,4827,0.91%,17.19
https://vietgoing.com/hotel/3530-cami-riverside-resort-da-nang.html,44,4223,1.04%,10.46
https://vietgoing.com/hotel/83-hai-au-quy-nhon-seagull-hotel-khu-5-tang.html,44,3699,1.19%,22.76
https://vietgoing.com/hotel/2560-ruby-queen-hotel-ha-long.html,44,3683,1.19%,10.53
https://vietgoing.com/destination/412-bien-long-hai.html,44,3489,1.26%,25.47
https://vietgoing.com/destination/471-hon-nua.html,44,2637,1.67%,11.59
https://vietgoing.com/hotel/2233-tam-dao-xanh-homestay.html,44,2417,1.82%,7.55
https://vietgoing.com/destination/859-den-trung-do.html,44,2159,2.04%,12.22
https://vietgoing.com/hotel/1325-rustic-hotel-quy-nhon.html,44,1931,2.28%,10.25
https://vietgoing.com/tour/dest-240-chua-linh-an.html,44,1703,2.58%,13.91
https://vietgoing.com/hotel/1875-leah-silk-hotel-ha-noi.html,44,1254,3.51%,11.32
https://vietgoing.com/hotel/district-466-huyen-chu-prong.html,44,1058,4.16%,7.16
https://vietgoing.com/tour/district-189-quan-ha-dong.html,44,1031,4.27%,12.67
https://vietgoing.com/destination/district-108-huyen-cao-phong.html,44,1003,4.39%,12.69
https://vietgoing.com/hotel/district-520-huyen-tan-bien.html,44,743,5.92%,8.02
"https://vietgoing.com/destination/district-292-huyen-nga-son.html?type=C%C3%B4ng 
vi%C3%AAn, Khu vui ch%C6%A1i",44,451,9.76%,8.24
https://vietgoing.com/hotel/3775-green-lp-hotel-vung-tau.html,43,9810,0.44%,14.57
https://vietgoing.com/hotel/2479-california-hotel-sai-gon.html,43,8024,0.54%,12.42
https://vietgoing.com/hotel/district-574-quan-7.html?star=3,43,7057,0.61%,17.5
https://vietgoing.com/hotel/2867-a25-hotel-so-5529-31-33-le-thi-hong-gam.html,43,6502,0.66%,10.67
https://vietgoing.com/destination/290-khu-sinh-thai-muong-thanh-dien-lam.html,43,5486,0.78%,17.24
https://vietgoing.com/hotel/3253-hoa-lu-garden-resort.html,43,5474,0.79%,15.29
https://vietgoing.com/top/140-top-11-du-thuyen-ha-long-sang-xin-cao-cap-sang-chanh-nhat-hien-nay.html,43,5072,0.85%,40
https://vietgoing.com/top/383-top-13-resort-o-da-lat-duoc-dat-nhieu-nhat.html,43,4161,1.03%,30.03
https://vietgoing.com/top/151-he-thong-khach-san-vinpearl-tai-hai-phong.html,43,4141,1.04%,19.61
https://vietgoing.com/hotel/2245-hilly-home-da-lat.html,43,4009,1.07%,8.71
https://vietgoing.com/top/173-top-8-khach-san-nha-trang-dang-hot-duoc-dat-nhieu-nhat.html,43,3135,1.37%,22.16
https://vietgoing.com/destination/1009-suoi-le-nin.html,43,2719,1.58%,14.04
https://vietgoing.com/top/752-top-9-khach-san-5-sao-ha-noi-co-ho-boi-4-mua-dep-nhat.html,43,2170,1.98%,10.18
https://vietgoing.com/destination/916-doi-du-sinh-da-lat.html,43,2120,2.03%,10.65
https://vietgoing.com/hotel/3841-amore-mio-hotel-moc-chau.html,43,1517,2.83%,8.85
https://vietgoing.com/hotel/district-158-thanh-pho-viet-tri.html?type=Homestay,43,1413,3.04%,11.27
https://vietgoing.com/hotel/2010-ht-anh-trung.html,43,905,4.75%,5
"https://vietgoing.com/destination/district-106-huyen-luong-son.html?type=C%C3%B4ng 
vi%C3%AAn, Khu vui ch%C6%A1i",43,498,8.63%,13.03
https://vietgoing.com/destination/575-luy-thay-luy-dao-duy-tu.html,42,8214,0.51%,7.79
https://vietgoing.com/destination/310-den-cho-cui-tho-quan-hoang-muoi.html,42,8151,0.52%,10.73
https://vietgoing.com/top/225-top-7-khach-san-nha-trang-gan-bien-gia-lai-sieu-re.html,42,7943,0.53%,20.63
https://vietgoing.com/hotel/3683-havana-tam-coc-ninh-binh-hotel.html,42,7067,0.59%,10.74
https://vietgoing.com/top/194-top-8-resort-quy-nhon-ly-tuong-cho-ky-nghi-cua-du-khach-nhat.html,42,6918,0.61%,31.54
https://vietgoing.com/top/234-nhung-resort-5-sao-nha-trang-ma-gia-chua-den-2-trieu-dong-1-dem.html,42,5812,0.72%,17.06
https://vietgoing.com/top/369-top-13-khach-san-cat-ba-view-bien-sieu-dep.html,42,5362,0.78%,24.58
https://vietgoing.com/hotel/589-aurora-hotels-travel-ha-noi.html,42,5218,0.8%,12.51
https://vietgoing.com/destination/893-dien-hon-chen.html,42,4842,0.87%,9.47
https://vietgoing.com/hotel/2801-lan-chau-luxury-hotel.html,42,4770,0.88%,10.75
https://vietgoing.com/top/627-top-10-khach-san-gan-hon-gai-ha-long-phu-hop-cho-nghi-ngoi-va-cong-tac.html,42,3688,1.14%,9.63
https://vietgoing.com/destination/844-den-chua-hang-mieng.html,42,3598,1.17%,9.51
https://vietgoing.com/destination/district-358-huyen-phu-loc.html,42,3466,1.21%,14.65
https://vietgoing.com/destination/675-trung-tam-van-hoa-huyen-tran-den-tho-huyen-tran-cong-chua.html,42,3439,1.22%,10.99
https://vietgoing.com/hotel/358-nam-a-hotel-tam-dao.html,42,3165,1.33%,7.62
https://vietgoing.com/top/137-top-15-khach-san-resort-5-sao-ha-long-cao-cap-bac-nhat-hien-nay.html,42,3121,1.35%,18.46
https://vietgoing.com/combo/city-48-da-nang.html,42,2654,1.58%,22.65
https://vietgoing.com/article/7-tuyen-dung-nhan-vien-kinh-doanh-tu-van-du-lich.html,42,2423,1.73%,19.08
https://vietgoing.com/destination/district-8-quan-hoang-mai.html,42,1992,2.11%,9.2
https://vietgoing.com/hotel/district-375-huyen-que-son.html,42,982,4.28%,7.8
https://vietgoing.com/tour/district-196-huyen-thach-that.html,42,623,6.74%,11.73
https://vietgoing.com/destination/585-doi-rockpile-quang-tri.html,42,612,6.86%,7.07
https://vietgoing.com/destination/465-song-cai-nha-trang.html,41,12321,0.33%,8.94
https://vietgoing.com/hotel/1643-lanura-apartments-hotel-ho-chi-minh.html,41,10216,0.4%,11.49
https://vietgoing.com/destination/276-nha-tho-con-ga-nha-tho-chinh-toa-a-lat.html,41,9440,0.43%,11.17
https://vietgoing.com/destination/329-quang-truong-ba-dinh-lang-bac.html,41,9204,0.45%,10.2
https://vietgoing.com/top/56-top-10-khach-san-vung-tau-duoc-yeu-thich-va-danh-gia-cao-nhat.html,41,7232,0.57%,36.92
https://vietgoing.com/top/37-top-15-khach-san-phu-quoc-gan-trung-tam-co-view-dep-ngat-ngay.html,41,6591,0.62%,22.74
https://vietgoing.com/hotel/1619-hami-garden-authentic-natural-resort-buon-ma-thuot.html,41,6206,0.66%,11.12
https://vietgoing.com/hotel/3140-linh-phuong-8-hotel.html,41,5693,0.72%,14.72
https://vietgoing.com/top/96-top-10-khach-san-sapa-view-dep-co-be-boi-vo-cuc-cuc-chill.html,41,5099,0.8%,13.45
https://vietgoing.com/article/247-bo-tui-8-diem-chup-hinh-dep-tai-tay-ninh.html,41,4329,0.95%,5.07
https://vietgoing.com/top/207-top-15-khach-san-4-sao-da-nang-sang-chanh-nhat.html,41,4130,0.99%,21.63
https://vietgoing.com/hotel/2717-danitel-hotel-ha-long.html,41,4078,1.01%,10.13
https://vietgoing.com/top/146-top-6-resort-o-vung-tau-duoc-dat-nhieu-nhat.html,41,4012,1.02%,23.52
https://vietgoing.com/hotel/3366-cat-loi-hotel-phu-quoc.html,41,3882,1.06%,9.59
https://vietgoing.com/hotel/2791-royal-hotel-mong-cai.html,41,3174,1.29%,9.43
https://vietgoing.com/destination/57-xq-su-quan-da-lat.html,41,3044,1.35%,12.77
https://vietgoing.com/destination/358-mui-sa-vi.html,41,2833,1.45%,16.55
https://vietgoing.com/destination/932-deo-long-lanh.html,41,2431,1.69%,11.71
https://vietgoing.com/hotel/2906-moon-hotel-ha-long.html,41,1598,2.57%,11.75
https://vietgoing.com/hotel/2301-sky-hill-muong-hoa-sapa.html,41,1405,2.92%,10.59
https://vietgoing.com/article/363-danh-sach-13-dia-diem-du-lich-mien-bac-dep-va-noi-tieng-nhat.html,40,6705,0.6%,22.66
https://vietgoing.com/destination/727-thac-chin-tang-gia-lai.html,40,6289,0.64%,8.09
https://vietgoing.com/article/298-check-in-10-quan-ca-phe-co-view-dep-o-nha-trang.html,40,6035,0.66%,25.81
https://vietgoing.com/destination/498-khu-du-lich-suoi-mo-binh-chau.html,40,5752,0.7%,17.32
https://vietgoing.com/hotel/district-360-quan-lien-chieu.html,40,5149,0.78%,11.35
https://vietgoing.com/destination/594-bai-bang-hon-son.html,40,4326,0.92%,15.77
https://vietgoing.com/hotel/3605-hotel-de-l-amour-tam-dao.html,40,3486,1.15%,12.77
https://vietgoing.com/hotel/3529-galaxy-hotel-lao-cai.html,40,3107,1.29%,13.22
https://vietgoing.com/destination/181-dao-diep-son.html,40,3056,1.31%,18.07
https://vietgoing.com/hotel/1141-paris-boutique-hotel-ha-long.html,40,2996,1.34%,13.71
https://vietgoing.com/hotel/317-1001-urban-retreat-ha-dong.html,40,2982,1.34%,9.81
https://vietgoing.com/top/8-top-6-villa-tam-dao-view-dep-co-be-boi-rieng-cuc-chill.html,40,2884,1.39%,18.56
https://vietgoing.com/hotel/3409-sea-angel-hotel-ha-long.html,40,2734,1.46%,11.52
https://vietgoing.com/destination/346-ben-nghieng.html,40,2581,1.55%,9.49
https://vietgoing.com/tour/477-da-lat-3-ngay-2-dem-full-lich-trinh-an-chinh-5-bua.html,40,2452,1.63%,26.73
https://vietgoing.com/destination/502-khu-bao-ton-ca-sau-hoa-ca.html,40,2417,1.65%,11.24
https://vietgoing.com/destination/700-chua-mia-son-tay.html,40,2243,1.78%,10.27
https://vietgoing.com/hotel/1488-sun-hotel-moc-chau.html,40,2215,1.81%,8.5
https://vietgoing.com/hotel/3088-thuy-hoang-homestay-co-to.html,40,2118,1.89%,11.43
https://vietgoing.com/destination/298-vuon-quyt-hang-hu.html,40,2008,1.99%,8.89
https://vietgoing.com/top/205-top-4-resort-4-sao-da-nang-duoc-du-khach-yeu-thich-nhat.html,40,1850,2.16%,21.85
https://vietgoing.com/destination/655-showroom-hoa-kho-da-lat.html,40,1526,2.62%,11.64
https://vietgoing.com/hotel/2257-viet-hat-thanh-xuan-homestay-moc-chau.html,40,1251,3.2%,11.73
https://vietgoing.com/destination/661-dao-chim-dao-gio.html,40,1010,3.96%,5.21
"https://vietgoing.com/destination/district-194-huyen-hoai-duc.html?type=%C4%90%C3%A8o 
n%C3%BAi, S%C3%B4ng h%E1%BB%93, Th%C3%A1c su%E1%BB%91i",40,576,6.94%,8.46
"https://vietgoing.com/destination/district-211-huyen-gia-loc.html?type=C%C3%B4ng 
vi%C3%AAn, Khu vui ch%C6%A1i",40,489,8.18%,8.39
"https://vietgoing.com/destination/district-213-huyen-ninh-giang.html?type=C%C3%B4ng 
vi%C3%AAn, Khu vui ch%C6%A1i",40,362,11.05%,11.38
"https://vietgoing.com/destination/district-220-quan-do-son.html?type=Ch%E1%BB%A3, 
trung t%C3%A2m th%C6%B0%C6%A1ng m%E1%BA%A1i",40,212,18.87%,8.41
https://vietgoing.com/ticket/10-ve-cap-treo-nui-ba-den-sun-world-ba-den-mountain.html,39,18094,0.22%,16.53
https://vietgoing.com/hotel/3246-le-phan-hotel-tay-ninh.html,39,8506,0.46%,10.58
https://vietgoing.com/hotel/1693-de-nhat-first-hotel-ho-chi-minh.html,39,6244,0.62%,18.45
https://vietgoing.com/hotel/517-dat-lanh-resort-lagi.html,39,4369,0.89%,23.6
https://vietgoing.com/hotel/962-ngoc-anh-duong-hotel-ha-long.html,39,3549,1.1%,11.68
https://vietgoing.com/destination/159-nui-than-tai.html,39,3487,1.12%,23.4
https://vietgoing.com/destination/569-khe-nuoc-lanh-quang-binh.html,39,3470,1.12%,10.52
https://vietgoing.com/hotel/3248-villa-biet-thu-mui-ne-domaine.html,39,3241,1.2%,18.47
https://vietgoing.com/destination/711-nui-da-chong-quang-ninh.html,39,3143,1.24%,8.91
https://vietgoing.com/hotel/city-10-lao-cai.html?star=5,39,3029,1.29%,14.34
https://vietgoing.com/article/615-oakwood-ha-long-co-tot-khong-danh-gia-chi-tiet-tu-a-z-ve-khu-nghi-duong-dang-cap-giua-long-di-san.html,39,2878,1.36%,11.22
https://vietgoing.com/destination/606-mieu-tho-tran-khanh-du.html,39,2344,1.66%,12.5
https://vietgoing.com/hotel/3200-song-anh-hotel-ha-long.html,39,2335,1.67%,17.84
https://vietgoing.com/top/97-top-10-khach-san-sapa-co-be-boi-nuoc-nong-hot-nhat-hien-nay.html,39,2320,1.68%,15.44
https://vietgoing.com/hotel/1063-aqua-hotel-hai-tien.html,39,2215,1.76%,11.08
https://vietgoing.com/hotel/district-374-huyen-duy-xuyen.html,39,1571,2.48%,9.44
https://vietgoing.com/destination/503-thap-tang-bong-vam-sat.html,39,1067,3.66%,8.97
https://vietgoing.com/hotel/district-148-thanh-pho-bac-giang.html?type=Homestay,39,985,3.96%,7.94
https://vietgoing.com/hotel/district-416-huyen-song-hinh.html,39,720,5.42%,7.81
"https://vietgoing.com/destination/district-226-huyen-tien-lang.html?type=C%C3%B4ng 
vi%C3%AAn, Khu vui ch%C6%A1i",39,392,9.95%,7.91
https://vietgoing.com/destination/278-doi-cat-quang-phu.html,38,11841,0.32%,10.24
https://vietgoing.com/hotel/3433-minh-quan-hotel-da-nang.html,38,8773,0.43%,13.82
https://vietgoing.com/top/113-top-10-biet-thu-villa-soc-son-co-be-boi-view-dep-cho-thue-nguyen-can.html,38,6939,0.55%,23.17
https://vietgoing.com/top/145-top-7-khach-san-sam-son-thanh-hoa-quotsang-xinquot-dep-quen-loi-ve.html,38,4902,0.78%,26.76
https://vietgoing.com/hotel/3879-sc-luxury-hotel-ha-long.html,38,4449,0.85%,10.39
https://vietgoing.com/article/214-8-ngoi-chua-co-kien-truc-doc-dao-o-soc-trang.html,38,4203,0.9%,11.17
https://vietgoing.com/hotel/867-annam-garden-ba-vi.html,38,4099,0.93%,9.68
https://vietgoing.com/hotel/district-274-thi-xa-sam-son.html?star=3,38,4019,0.95%,14.26
https://vietgoing.com/hotel/3064-pamela-angel-hotel.html,38,4015,0.95%,9.87
https://vietgoing.com/top/976-top-10-resort-phan-thiet-duong-nguyen-dinh-chieu-duoc-danh-gia-cao.html,38,3534,1.08%,13.66
https://vietgoing.com/hotel/2688-bao-nam-cua-lo-hotel.html,38,3503,1.08%,10.07
https://vietgoing.com/hotel/3470-xanh-ha-acb-hotel.html,38,3291,1.15%,9.64
https://vietgoing.com/hotel/215-oakwood-ha-long.html,38,2570,1.48%,23.76
https://vietgoing.com/hotel/1140-hung-thinh-hotel-ha-long.html,38,2558,1.49%,9.29
https://vietgoing.com/top/458-he-thong-a-villa-gan-bien-va-rieng-tu-dang-cap-nhat-da-nang.html,38,2143,1.77%,17.53
https://vietgoing.com/hotel/3445-sao-viet-hth-ha-long-hotel.html,38,1800,2.11%,10.22
https://vietgoing.com/hotel/district-618-huyen-tieu-can.html,38,855,4.44%,8.75
"https://vietgoing.com/destination/district-14-huyen-thanh-tri.html?type=C%C3%B4ng 
vi%C3%AAn, Khu vui ch%C6%A1i",38,681,5.58%,9.37
https://vietgoing.com/hotel/district-360-quan-lien-chieu.html?type=Homestay,38,650,5.85%,8.97
"https://vietgoing.com/destination/district-214-huyen-thanh-mien.html?type=C%C3%B4ng 
vi%C3%AAn, Khu vui ch%C6%A1i",38,345,11.01%,12.4
"https://vietgoing.com/destination/district-202-huyen-my-duc.html?type=C%C3%B4ng 
vi%C3%AAn, Khu vui ch%C6%A1i",38,293,12.97%,8.78
"https://vietgoing.com/destination/district-88-huyen-moc-chau.html?type=Di 
t%C3%ADch l%E1%BB%8Bch s%E1%BB%AD, B%E1%BA%A3o t%C3%A0ng",38,232,16.38%,6.02
https://vietgoing.com/hotel/1961-ninh-binh-retreat.html,37,6982,0.53%,10.47
https://vietgoing.com/destination/1015-bai-tam-sun-world-ha-long.html,37,6557,0.56%,19.17
https://vietgoing.com/hotel/3090-t78-hotel-nha-trang.html,37,6295,0.59%,13.61
https://vietgoing.com/top/15-top-10-khach-san-o-sapa-co-view-nui-ngam-may-sieu-dinh.html,37,5921,0.62%,23.44
https://vietgoing.com/hotel/1321-hong-mai-boss-nha-trang-hotel.html,37,5610,0.66%,12.94
https://vietgoing.com/article/992-review-khach-san-chau-long-sapa-khach-san-doc-nhat-vo-nhi-tai-sapa-khong-dau-co.html,37,5288,0.7%,8.31
https://vietgoing.com/hotel/3608-mong-cai-palace-hotel.html,37,4903,0.75%,10.5
https://vietgoing.com/destination/327-thien-vien-truc-lam-chanh-giac.html,37,4826,0.77%,12.18
https://vietgoing.com/hotel/3712-dong-van-ville-du-h-mong-hotel.html,37,4669,0.79%,8.55
https://vietgoing.com/hotel/3472-hon-gai-hotel-ha-long.html,37,4553,0.81%,10.91
https://vietgoing.com/top/367-top-10-khach-san-cat-ba-duoc-yeu-thich-va-danh-gia-cao-nhat.html,37,4547,0.81%,21.82
https://vietgoing.com/hotel/1886-trang-an-international-hotel.html,37,4545,0.81%,11.1
https://vietgoing.com/hotel/508-victoria-chau-doc-hotel.html,37,4301,0.86%,28.57
https://vietgoing.com/hotel/787-muong-thanh-luxury-xuan-thanh-hotel-ha-tinh.html,37,4205,0.88%,18.06
https://vietgoing.com/hotel/3592-noong-oi-homestay-moc-chau.html,37,3689,1%,8.87
https://vietgoing.com/destination/699-lang-co-duong-lam.html,37,3496,1.06%,18.11
https://vietgoing.com/hotel/3330-raon-crony-villa-hoi-an.html,37,2971,1.25%,12.37
https://vietgoing.com/hotel/3630-sunny-hotel-cao-bang.html,37,2942,1.26%,14.64
https://vietgoing.com/hotel/2965-dream-dragon-resort-doi-rong-resort.html,37,2833,1.31%,20.5
https://vietgoing.com/hotel/1917-kiwi-hotel-da-nang.html,37,2481,1.49%,9.6
https://vietgoing.com/hotel/district-372-huyen-dai-loc.html,37,833,4.44%,8.16
https://vietgoing.com/hotel/district-648-huyen-phu-tan.html,37,724,5.11%,9.21
"https://vietgoing.com/destination/city-28-tien-giang.html?type=%C4%90%C3%A8o 
n%C3%BAi, S%C3%B4ng h%E1%BB%93, Th%C3%A1c su%E1%BB%91i",37,596,6.21%,7.59
"https://vietgoing.com/destination/district-538-thi-xa-long-khanh.html?type=B%C3%A3i 
bi%E1%BB%83n, V%E1%BB%8Bnh, %C4%90%E1%BA%A3o",37,541,6.84%,8.61
https://vietgoing.com/hotel/district-237-huyen-kim-dong.html,37,529,6.99%,6.6
"https://vietgoing.com/destination/district-321-thi-xa-hong-linh.html?type=C%C3%B4ng 
vi%C3%AAn, Khu vui ch%C6%A1i",37,277,13.36%,7.49
https://vietgoing.com/destination/757-pho-di-bo-bui-vien.html,36,12288,0.29%,17.99
https://vietgoing.com/destination/937-o-quan-chuong.html,36,6624,0.54%,9.97
https://vietgoing.com/destination/330-van-mieu-quoc-tu-giam.html,36,6224,0.58%,26.71
https://vietgoing.com/hotel/2534-roman-resort-phu-quy.html,36,4476,0.8%,11.27
https://vietgoing.com/destination/709-khu-du-lich-bai-lu.html,36,4381,0.82%,13.28
https://vietgoing.com/top/19-top-7-resort-villa-tien-nghi-sang-trong-cuc-hot-tai-moc-chau.html,36,4116,0.87%,17.36
https://vietgoing.com/tour/city-37-ninh-binh.html,36,3873,0.93%,24.33
https://vietgoing.com/hotel/3295-hanvet-hotel-do-son.html,36,2668,1.35%,12.81
https://vietgoing.com/hotel/158-1001-lakeside-villa-ba-vi.html,36,2490,1.45%,13.14
https://vietgoing.com/hotel/district-561-quan-binh-thanh.html?star=3,36,2466,1.46%,18.95
https://vietgoing.com/destination/317-khu-du-lich-bien-khai-long.html,36,2357,1.53%,13.67
https://vietgoing.com/combo/956-combo-sapa-3-ngay-2-dem-khach-san-3-sao-san-may-cuc-dinh.html,36,2301,1.56%,16.46
https://vietgoing.com/destination/516-lang-phong-quy-hoa.html,36,2262,1.59%,12.13
https://vietgoing.com/hotel/3256-cosini-con-dao-hotel.html,36,2057,1.75%,24.65
https://vietgoing.com/hotel/3844-aquamarine-resort-hotel-cam-ranh.html,36,1820,1.98%,17.31
https://vietgoing.com/hotel/3764-marina-hotel-tam-dao.html,36,1587,2.27%,11.44
https://vietgoing.com/hotel/district-241-huyen-quynh-phu.html,36,1113,3.23%,9.76
"https://vietgoing.com/destination/district-160-huyen-doan-hung.html?type=C%C3%B4ng 
vi%C3%AAn, Khu vui ch%C6%A1i",36,551,6.53%,10.19
https://vietgoing.com/destination/district-585-huyen-tan-thanh.html,36,448,8.04%,10.43
"https://vietgoing.com/destination/city-9-can-tho.html?type=%C4%90%C3%A8o 
n%C3%BAi, S%C3%B4ng h%E1%BB%93, Th%C3%A1c su%E1%BB%91i",36,424,8.49%,6.44
"https://vietgoing.com/destination/district-243-huyen-dong-hung.html?type=C%C3%B4ng 
vi%C3%AAn, Khu vui ch%C6%A1i",36,265,13.58%,9.75
https://vietgoing.com/hotel/district-58-huyen-si-ma-cai.html?type=Homestay,36,248,14.52%,7.72
https://vietgoing.com/hotel/895-hoa-lu-ninh-binh-hotel.html,35,9616,0.36%,15.91
https://vietgoing.com/hotel/1158-nam-hoa-hotel-ninh-binh.html,35,6971,0.5%,11.19
https://vietgoing.com/hotel/1883-dong-van-cliffside-house.html,35,6045,0.58%,9.42
https://vietgoing.com/hotel/3137-chau-thanh-hotel.html,35,5893,0.59%,11.5
https://vietgoing.com/hotel/3873-venice-hotel-phu-quoc.html,35,5866,0.6%,13.48
https://vietgoing.com/hotel/672-gio-bien-2-da-nang.html,35,5820,0.6%,11.48
https://vietgoing.com/destination/667-diem-du-lich-sinh-thai-cay-dao-to-hieu-son-la.html,35,5317,0.66%,7.81
https://vietgoing.com/hotel/1505-ban-me-central-hotel-buon-ma-thuot.html,35,4639,0.75%,11.5
https://vietgoing.com/top/147-top-15-khach-san-vung-tau-chat-luong-tot-duoc-du-khach-dat-nhieu-nhat.html,35,4636,0.75%,28.79
https://vietgoing.com/top/117-top-10-khach-san-ha-noi-gan-ho-guom-sang-xin-tot-nhat-hien-nay.html,35,4251,0.82%,12.84
https://vietgoing.com/destination/262-dong-cuu-an-hoa.html,35,4244,0.82%,16.7
https://vietgoing.com/hotel/district-143-huyen-van-don.html,35,3287,1.06%,27.77
https://vietgoing.com/top/744-top-7-khach-san-5-sao-gan-ho-tay-sang-trong-duoc-dat-nhieu-nhat.html,35,2779,1.26%,12.05
https://vietgoing.com/destination/616-hon-ghenh.html,35,2208,1.59%,9.43
https://vietgoing.com/destination/934-vinh-ha-tien.html,35,2127,1.65%,22.84
https://vietgoing.com/hotel/1747-rua-house-hill-top-ha-noi.html,35,1837,1.91%,10.01
https://vietgoing.com/hotel/city-4-cao-bang.html?star=4,35,1536,2.28%,13.29
https://vietgoing.com/hotel/district-323-huyen-duc-tho.html,35,1034,3.38%,9.28
https://vietgoing.com/hotel/district-709-huyen-cai-nuoc.html,35,870,4.02%,7.41
"https://vietgoing.com/hotel/district-561-quan-binh-thanh.html?tien-nghi%5B0%5D=B%C3%A3i 
%C4%91%E1%BB%97 xe",35,811,4.32%,10.67
https://vietgoing.com/hotel/district-480-huyen-krong-nang.html,35,793,4.41%,7.3
https://vietgoing.com/hotel/district-658-huyen-hon-dat.html,35,699,5.01%,8.97
"https://vietgoing.com/destination/district-497-thanh-pho-bao-loc.html?type=Di 
t%C3%ADch l%E1%BB%8Bch s%E1%BB%AD, B%E1%BA%A3o t%C3%A0ng",35,564,6.21%,11.35
https://vietgoing.com/hotel/city-20-lang-son.html?type=Villa,35,272,12.87%,14.14
https://vietgoing.com/destination/18-den-cua-ong.html,34,11661,0.29%,10.61
https://vietgoing.com/destination/924-khu-du-lich-sinh-thai-vuon-xoai.html,34,9220,0.37%,18.12
https://vietgoing.com/destination/817-bai-bien-vinh-linh.html,34,8172,0.42%,10.16
https://vietgoing.com/hotel/1956-dubai-nha-trang-hotel.html,34,6559,0.52%,13.13
https://vietgoing.com/top/135-top-15-khach-san-3-sao-ha-long-gia-re-tien-nghi-dang-de-trai-nghiem.html,34,5218,0.65%,15.13
https://vietgoing.com/article/977-review-vuon-may-homestay-sapa-khu-vuon-tren-may-cua-sapa.html,34,4626,0.73%,10.18
https://vietgoing.com/hotel/2895-golden-sea-ha-long-hotel.html,34,4528,0.75%,16.58
https://vietgoing.com/top/38-10-khach-san-nha-trang-sang-trong-nhat.html,34,4456,0.76%,29.64
https://vietgoing.com/hotel/district-147-huyen-co-to.html,34,4295,0.79%,22.03
https://vietgoing.com/hotel/2603-paradise-home-1117-to-ngoc-van.html,34,3294,1.03%,9.62
https://vietgoing.com/top/29-top-10-khach-san-4-sao-phu-quoc-sieu-dep-duoc-dat-nhieu-nhat-hien-nay.html,34,3229,1.05%,22.19
https://vietgoing.com/top/345-diem-danh-nhung-khach-san-dang-cap-bac-nhat-hue.html,34,3163,1.07%,15.63
https://vietgoing.com/destination/220-co-so-u-ruou-vang-sim.html,34,3078,1.1%,13.47
https://vietgoing.com/top/244-top-15-khach-san-ha-long-duoc-du-khach-yeu-thich-va-danh-gia-cao-nhat.html,34,2811,1.21%,20.06
https://vietgoing.com/top/57-top-6-resort-nha-trang-gan-bien-co-bai-bien-rieng-cuc-cuon-hut.html,34,2720,1.25%,25.96
https://vietgoing.com/article/150-tron-bo-cam-nang-du-lich-cao-bang-tu-a-z-cho-hanh-trinh-tron-ven.html,34,2555,1.33%,17.46
https://vietgoing.com/hotel/3792-chau-long-hotel-flc-sam-son.html,34,2278,1.49%,17.4
https://vietgoing.com/article/375-nhung-ngoi-chua-noi-tieng-o-mien-trung-ma-ban-nhat-dinh-phai-dat-chan-den-1-lan-trong-doi.html,34,1768,1.92%,11.27
https://vietgoing.com/hotel/3713-phu-loc-hotel-cua-lo.html,34,1582,2.15%,13.5
https://vietgoing.com/hotel/3703-oa-villas-resort-hoa-binh.html,34,1383,2.46%,19.11
https://vietgoing.com/article/30-dieu-khoan-va-dieu-kien.html,34,995,3.42%,5.42
https://vietgoing.com/tour/city-26-vinh-phuc.html,34,940,3.62%,17.65
https://vietgoing.com/hotel/district-157-huyen-hiep-hoa.html,34,890,3.82%,8.64
https://vietgoing.com/hotel/district-630-huyen-tra-on.html,34,884,3.85%,8.75
https://vietgoing.com/top/931-top-10-khach-san-lang-man-nhat-phan-thiet-cuc-hot-danh-cho-cac-cap-doi.html,34,809,4.2%,9.72
https://vietgoing.com/hotel/3817-silver-coast-hotel-ha-long.html,34,572,5.94%,5.13
https://vietgoing.com/hotel/district-591-huyen-tan-tru.html,34,535,6.36%,10.62
https://vietgoing.com/tour/1097-tour-dmz-tham-lai-chien-truong-xua-khoi-hanh-tu-hue-1-ngay.html,34,428,7.94%,8.67
https://vietgoing.com/tour/667-tour-ha-noi-ha-giang-ha-long-ninh-binh-sapa-7-ngay-6-dem.html,34,422,8.06%,14.25
"https://vietgoing.com/destination/district-196-huyen-thach-that.html?type=C%C3%B4ng 
vi%C3%AAn, Khu vui ch%C6%A1i",34,365,9.32%,10.71
https://vietgoing.com/destination/715-dao-ban-chan-ha-long.html,34,320,10.62%,6.8
"https://vietgoing.com/tour/city-38-thanh-hoa.html?city_from=H%C3%A0 
N%E1%BB%99i",34,269,12.64%,19.65
https://vietgoing.com/destination/225-vincom-plaza-ha-long.html,33,8330,0.4%,10.39
https://vietgoing.com/article/37-cam-nang-du-lich-da-lat-tu-a-den-z-moi-nhat.html,33,7685,0.43%,15.48
https://vietgoing.com/top/309-top-8-khach-san-5-sao-ho-chi-minh-duoc-dat-nhieu-nhat.html,33,6827,0.48%,23.02
https://vietgoing.com/destination/17-khu-du-lich-sinh-thai-trang-an.html,33,6194,0.53%,15.9
https://vietgoing.com/destination/748-cau-may-tam-dao.html,33,5394,0.61%,9.91
https://vietgoing.com/destination/422-lang-hoa-sa-dec.html,33,5103,0.65%,14.16
https://vietgoing.com/hotel/3217-bien-xanh-hotel-hai-tien.html,33,5007,0.66%,17.98
https://vietgoing.com/hotel/3303-aries-hotel-nha-trang.html,33,4764,0.69%,10.69
https://vietgoing.com/hotel/3004-peace-resort-mui-ne.html,33,4472,0.74%,15.02
https://vietgoing.com/hotel/2039-tulip-garden-bao-loc.html,33,3327,0.99%,12.79
https://vietgoing.com/destination/651-nga-ba-dong-loc.html,33,3137,1.05%,12.82
https://vietgoing.com/article/315-5-diem-du-lich-noi-tieng-o-meo-vac-ha-giang.html,33,2957,1.12%,14.62
https://vietgoing.com/destination/962-huyen-thoai-ho-lak-buon-jun.html,33,2764,1.19%,13.61
https://vietgoing.com/destination/527-chua-tong-lam-lo-son-chua-da-lo.html,33,2740,1.2%,10.24
https://vietgoing.com/hotel/113-happy-home-sapa.html,33,2643,1.25%,11.57
https://vietgoing.com/hotel/district-197-huyen-chuong-my.html,33,2597,1.27%,10.22
https://vietgoing.com/hotel/1030-element-hotel-and-coffee-ha-long.html,33,2370,1.39%,7.87
https://vietgoing.com/top/14-top-12-homestay-tai-sapa-gan-trung-tam-co-view-sieu-dep.html,33,2286,1.44%,16.03
https://vietgoing.com/destination/548-song-son-quang-binh.html,33,2189,1.51%,10.39
https://vietgoing.com/hotel/2348-hodota-cam-binh-resort-spa-lagi-beach.html,33,2184,1.51%,25.6
https://vietgoing.com/hotel/2584-binh-yen-cottages.html,33,1984,1.66%,9.23
https://vietgoing.com/destination/722-lang-chai-tra-bau.html,33,1955,1.69%,8.83
https://vietgoing.com/hotel/663-the-may-legend-cat-ba-beach-resort-spa.html,33,1891,1.75%,19.18
https://vietgoing.com/top/119-top-15-khach-san-3-sao-phu-quoc-duoc-du-khach-dat-nhieu-nhat-hien-nay.html,33,1864,1.77%,9.76
https://vietgoing.com/top/777-top-8-villa-rieng-tu-cho-cap-doi-tai-da-lat-co-view-dep-nhat.html,33,1761,1.87%,12.55
https://vietgoing.com/top/885-top-8-khach-san-tam-dao-co-bon-tam-ngam-nui-view-sieu-dep-va-lang-man.html,33,1638,2.01%,15.79
https://vietgoing.com/hotel/2315-tashi-hotel-da-nang.html,33,1374,2.4%,10.63
https://vietgoing.com/hotel/167-thien-phu-lam-soc-son.html,33,1362,2.42%,15.57
"https://vietgoing.com/destination/city-14-son-la.html?type=%C4%90%E1%BB%81n, 
Ch%C3%B9a, Nh%C3%A0 Th%E1%BB%9D",33,1272,2.59%,9.46
https://vietgoing.com/hotel/district-710-huyen-dam-doi.html,33,888,3.72%,7.68
https://vietgoing.com/destination/district-219-quan-kien-an.html,33,734,4.5%,9.73
"https://vietgoing.com/destination/district-146-thi-xa-quang-yen.html?type=C%C3%B4ng 
vi%C3%AAn, Khu vui ch%C6%A1i",33,705,4.68%,10.54
https://vietgoing.com/hotel/district-213-huyen-ninh-giang.html,33,623,5.3%,7.67
https://vietgoing.com/hotel/district-472-huyen-chu-puh.html,33,621,5.31%,7.22
"https://vietgoing.com/destination/district-190-thi-xa-son-tay.html?type=Ch%E1%BB%A3, 
trung t%C3%A2m th%C6%B0%C6%A1ng m%E1%BA%A1i",33,420,7.86%,9.73
"https://vietgoing.com/destination/district-110-huyen-mai-chau.html?type=%C4%90%E1%BB%81n, 
Ch%C3%B9a, Nh%C3%A0 Th%E1%BB%9D",33,352,9.38%,6.91
https://vietgoing.com/tour/dest-33-lang-tranh-dong-ho.html,33,303,10.89%,11.66
https://vietgoing.com/hotel/city-1-ha-noi.html?type=Homestay&the-thao-giai-tri%5B0%5D=Karaoke,33,201,16.42%,17.78
https://vietgoing.com/hotel/1630-trang-an-ecolodge.html,32,8702,0.37%,13.23
https://vietgoing.com/hotel/406-pine-view-hotel-da-lat.html,32,7541,0.42%,11.77
https://vietgoing.com/destination/621-bai-bien-thuan-an.html,32,7293,0.44%,14.24
https://vietgoing.com/hotel/3338-truong-tien-hotel-hue.html,32,6935,0.46%,10.41
https://vietgoing.com/hotel/2732-au-lac-ha-long-hotel.html,32,6105,0.52%,11.34
https://vietgoing.com/hotel/3913-rosa-may-hotel-ho-chi-minh.html,32,5999,0.53%,8.93
https://vietgoing.com/hotel/district-9-quan-thanh-xuan.html,32,5647,0.57%,10.33
https://vietgoing.com/destination/81-cung-duong-chu-s.html,32,5415,0.59%,7.34
https://vietgoing.com/hotel/3602-hong-lan-da-lat-hotel.html,32,5116,0.63%,14.08
https://vietgoing.com/top/906-top-5-khach-san-gan-duong-dong-khoi-sai-gon-sang-trong-va-cao-cap-nhat.html,32,4238,0.76%,10.88
https://vietgoing.com/destination/165-mieng-nui-lua-thoi-loi.html,32,4183,0.77%,7.33
https://vietgoing.com/top/735-top-9-khach-san-quan-nam-tu-liem-ha-noi-duoc-yeu-thich-nhat.html,32,3475,0.92%,9.71
https://vietgoing.com/hotel/3418-rose-hotel-phu-quoc.html,32,3240,0.99%,9.63
https://vietgoing.com/hotel/978-cat-ba-seoul-2-apartment-hotel.html,32,3156,1.01%,8.56
https://vietgoing.com/top/357-top-8-khach-san-3-sao-phu-yen-ban-khong-nen-bo-lo.html,32,3022,1.06%,15.62
https://vietgoing.com/article/545-review-la-do-homestay-sapa-voi-chiec-view-dinh-noc-kich-tran-nhat-sapa.html,32,2973,1.08%,10.23
https://vietgoing.com/hotel/229-sh-homestay-soc-son.html,32,2944,1.09%,23.71
https://vietgoing.com/hotel/district-325-huyen-nghi-xuan.html,32,2495,1.28%,12.44
https://vietgoing.com/top/85-top-5-khu-nghi-duong-resort-cao-cap-tien-nghi-bac-nhat-quang-binh.html,32,2393,1.34%,24.47
https://vietgoing.com/hotel/441-blue-moon-hotel.html,32,2287,1.4%,9.26
https://vietgoing.com/combo/1037-trai-nghiem-combo-the-light-coral-island-resort-2n1d.html,32,1427,2.24%,11.55
"https://vietgoing.com/combo/district-548-thanh-pho-vung-tau.html?danh-muc=Combo 
Vinpearl&sort=price-desc",32,1336,2.4%,7.45
https://vietgoing.com/hotel/2986-santori-villa-tam-dao.html,32,1071,2.99%,9.91
https://vietgoing.com/hotel/district-458-thi-xa-ayun-pa.html,32,933,3.43%,7.86
https://vietgoing.com/hotel/district-257-huyen-y-yen.html,32,852,3.76%,7.79
https://vietgoing.com/article/430-quy-che-hoat-dong.html,32,826,3.87%,5.6
"https://vietgoing.com/hotel/district-285-huyen-yen-dinh.html?dich-vu-phong%5B0%5D=Truy%E1%BB%81n 
h%C3%ACnh c%C3%A1p",32,756,4.23%,7.81
https://vietgoing.com/hotel/district-694-thi-xa-nga-nam.html,32,578,5.54%,8.74
https://vietgoing.com/article/619-tuyen-dung-thuc-tap-sinh-kinh-doanh-du-lich.html,32,477,6.71%,15.84
"https://vietgoing.com/hotel/district-105-huyen-ky-son.html?type=Khu 
ngh%E1%BB%89 d%C6%B0%E1%BB%A1ng&sort=price-desc",32,334,9.58%,7.98
"https://vietgoing.com/hotel/district-189-quan-ha-dong.html?type=Khu 
ngh%E1%BB%89 d%C6%B0%E1%BB%A1ng&sort=review",32,223,14.35%,15.03