Top queries,Clicks,Impressions,CTR,Position
vietgoing,2348,4392,53.46%,1.04
khách sạn long thành 3 sầm sơn,727,3548,20.49%,3.4
khách sạn gần sân bay tân sơn nhất,690,45700,1.51%,8.4
suối ở huế,669,2623,25.51%,2.12
làng trong thung,613,5852,10.48%,3.58
melody retreat,420,9657,4.35%,5.82
khách sạn thiên cầm xanh,357,1756,20.33%,2.5
khách sạn louis hạ long,346,2393,14.46%,2.68
nàng tô thị,311,9807,3.17%,3.73
white cloud homestay sapa,269,4288,6.27%,4.04
đại linh,269,2106,12.77%,5.28
du lịch bình liêu,256,3318,7.72%,5.59
bình liêu có gì chơi,240,844,28.44%,2.17
villa tam đảo,232,8347,2.78%,6.23
minad villa,231,3112,7.42%,4.15
khách sạn long thành 3,231,1578,14.64%,3.44
cảng cá quy nhơn,220,1332,16.52%,2.32
đèo chuối,207,3466,5.97%,1.81
louis hotel hạ long,195,1658,11.76%,3.03
nala boutique retreat,194,3246,5.98%,5.36
khách sạn 4 sao hà nội,193,7743,2.49%,6.77
đền thánh hưng nghĩa,187,1485,12.59%,2.58
khách sạn gần sân bay tân sơn nhất giá rẻ,182,2367,7.69%,3.34
19c hoàng diệu,180,3649,4.93%,2.46
nhà nghỉ gần sân bay tân sơn nhất giá rẻ,178,4146,4.29%,3.36
giá vé cầu kính mộc châu,178,3079,5.78%,2.57
hồ bán nguyệt hưng yên,173,2982,5.8%,1.96
suối đẹp ở huế,165,613,26.92%,1.94
sunmay villa tam đảo,162,4920,3.29%,5.01
khách sạn bưu điện hạ long,147,2658,5.53%,5.61
top 10 homestay đẹp nhất đà lạt,145,1341,10.81%,5.55
giới thiệu thác datanla,145,716,20.25%,2.71
cửa khẩu tân thanh,144,17053,0.84%,4.18
khách sạn gần sân bay,144,8905,1.62%,8.08
vietgoing có uy tín không,143,451,31.71%,1.44
khách sạn quận 1 giá rẻ,137,7000,1.96%,7.15
khách sạn đại dương hải hòa,136,1251,10.87%,4.01
khách sạn công đoàn cửa lò,135,2634,5.13%,5.63
dốc mộng cầm,135,628,21.5%,1.48
danh lam thắng cảnh miền trung,131,1169,11.21%,2.24
khách sạn sao mai đồ sơn,130,3523,3.69%,5.89
hà sơn hải vân,127,13965,0.91%,5.37
nhà nghỉ gần sân bay tân sơn nhất,127,7600,1.67%,6
90s homestay tam đảo,126,9221,1.37%,7.52
the pure tam đảo,115,936,12.29%,2.87
giá vé tàu đi bạch long vĩ,115,708,16.24%,2.51
khách sạn gần phố đi bộ hồ gươm,113,1749,6.46%,6.08
long thành 3 sầm sơn,112,681,16.45%,3.34
homestay tam đảo,111,6042,1.84%,8.48
an house quy nhơn,111,3704,3%,4.81
nhà thờ giáo xứ đền thánh hưng nghĩa,111,1246,8.91%,3.4
90s homestay,110,5893,1.87%,6.24
white cloud sapa homestay,110,1780,6.18%,5.06
linh địa cổ mẫu sơn,106,594,17.85%,4.73
khách sạn 5 sao hà nội,104,13613,0.76%,7.97
giá vé cáp treo fansipan,103,2455,4.2%,5
vietgoing tuyển dụng,103,209,49.28%,1.18
melody hoà bình,102,1490,6.85%,5.53
căn cứ khe sanh,102,560,18.21%,2.98
bình liêu có gì,100,603,16.58%,2.38
minad đồng chanh,99,1253,7.9%,3.82
công ty tnhh vietgoing,98,325,30.15%,1.15
nala,97,5967,1.63%,5.14
khách sạn thành công hạ long,95,1754,5.42%,3.18
the pure homestay tam đảo,94,555,16.94%,2.96
cồn tiên dốc miếu,94,286,32.87%,1.84
di tích đạo dừa,93,1318,7.06%,5.49
thiên cầm xanh,93,767,12.13%,2.79
nhà nghỉ 368 bãi cháy,91,505,18.02%,3.49
nhà nghỉ dưỡng 368,89,880,10.11%,4.14
khách sạn ở phố cổ hà nội giá rẻ,88,1942,4.53%,4.42
armani homestay sapa,87,4274,2.04%,5.33
giới thiệu về chuồn chuồn nghĩa lộ,85,689,12.34%,4.51
du lịch bình liêu quảng ninh,84,631,13.31%,4.47
intechco sầm sơn,82,607,13.51%,3.31
khách sạn quận 1,81,19575,0.41%,10.27
khách sạn queen hải hòa,81,2883,2.81%,8.04
đại linh là ở đâu,81,561,14.44%,3.37
khách sạn đông á cô tô,78,922,8.46%,3.21
giá cầu kính mộc châu,78,806,9.68%,2.47
lạng sơn có biển không,78,769,10.14%,3.01
giới thiệu về december hotel,78,567,13.76%,2.6
tòa soạn báo hà nội mới,76,1739,4.37%,2.7
khách xá tam chúc,75,2978,2.52%,6.39
my camping sóc sơn,75,1745,4.3%,4.94
my camping,74,1276,5.8%,5.46
satoyama village,73,5747,1.27%,9.05
cúc phương mineral retreat,73,4651,1.57%,9.72
cửa khẩu tân thanh ở đâu,73,3319,2.2%,3.65
vé cầu kính bạch long,73,2740,2.66%,4.6
công đồng bắc lệ,72,6008,1.2%,10.23
bài viết về dốc thẩm mã,72,3248,2.22%,4.15
the pure homestay,72,584,12.33%,2.92
khách sạn gần hồ gươm giá rẻ,71,1668,4.26%,5.72
khách sạn bến thành hải hòa,71,1294,5.49%,4.38
chùa ở vũng tàu,70,5703,1.23%,6.43
khách sạn gần phố đi bộ hà nội,70,1385,5.05%,3.16
khách sạn giá rẻ gần sân bay tân sơn nhất,70,1139,6.15%,3.1
nhà nghỉ gần phố đi bộ hồ gươm,70,954,7.34%,5.22
nhà khách tuần châu,70,543,12.89%,3.5
khu nghỉ dưỡng ecopark hưng yên,69,239,28.87%,1.77
lá đỏ homestay,68,9642,0.71%,8.55
chuồn chuồn villa tam đảo,68,2670,2.55%,5.5
hồ bán nguyệt,67,5556,1.21%,5.36
giới thiệu về vinpearl land nha trang,67,1848,3.63%,5.05
đồng chanh lake ville,67,1463,4.58%,4.87
"giá vé cầu kính mộc châu, sơn la",67,1361,4.92%,2.79
khách sạn phố cổ hà nội,66,7707,0.86%,8.67
nàng tô thị lạng sơn,66,918,7.19%,3.36
tượng đài quang trung huế,66,488,13.52%,2.49
xe hà sơn hải vân,65,8195,0.79%,5.41
khách sạn victory luxury hạ long,65,1608,4.04%,5.46
đền mẫu sơn lạng sơn,65,765,8.5%,3.55
stream house nhà bên suối,65,721,9.02%,4.89
tour quê bác 1 ngày,65,181,35.91%,2.2
long thành 3,63,433,14.55%,3.32
nhà nghỉ dưỡng 368 quảng ninh,63,288,21.88%,3.81
hồ hoàn kiếm,62,10468,0.59%,11.28
tour hải phòng 1 ngày,62,700,8.86%,7.13
khách sạn giá rẻ quận 1,61,3135,1.95%,6.58
khách sạn hữu tình hotel thiên cầm - hà tĩnh,61,1223,4.99%,3.71
vietgoing lừa đảo,61,198,30.81%,2.23
làng chài homestay phú yên,60,2005,2.99%,5.77
khách sạn 4 sao phố cổ hà nội,60,857,7%,3.82
ana beach resort mũi né,60,439,13.67%,2.38
khách sạn giang hà cát bà,60,186,32.26%,3.05
biển ở bắc giang,60,178,33.71%,3.38
coco bay hòn sơn,59,4183,1.41%,8.43
tượng đài quang trung,59,1627,3.63%,2.04
"khách sạn 4 sao gần hồ hoàn kiếm, hà nội",59,710,8.31%,3.11
giới thiệu về khách sạn long thành 3,59,212,27.83%,1.44
khách sạn cửa lò gần biển giá rẻ,58,2497,2.32%,8.27
cửa khẩu tân thanh lạng sơn,58,2026,2.86%,5.22
chùa bình định,58,1324,4.38%,3.24
anna beach resort,58,371,15.63%,2.99
ảnh hà giang,57,19620,0.29%,1.16
vườn mây homestay sapa,57,4186,1.36%,6.79
villa hồ đồng chanh,57,395,14.43%,2.78
victory hotel vũng tàu,56,13588,0.41%,9.16
khách sạn anphaan,56,1736,3.23%,5.41
khách sạn phố cổ hà nội giá rẻ,55,1725,3.19%,4.18
chùa ở bình định,54,1031,5.24%,3.41
meta sea resort,53,3646,1.45%,7.41
khu nghỉ dưỡng lăng cô t26,53,1945,2.72%,6.5
các suối ở huế,53,437,12.13%,3.94
đền công đồng bắc lệ,52,6168,0.84%,11.41
giá vé cầu kính mộc châu 2025,52,728,7.14%,1.99
19c phố hoàng diệu,52,661,7.87%,2.43
đồi thi nhân,52,563,9.24%,2.3
chùa nổi tiếng ở bình định,52,239,21.76%,1.58
khách sạn vũng tàu có khu vui chơi trẻ em,52,164,31.71%,2.9
homestay đồng văn,51,2591,1.97%,6.94
victory luxury hạ long hotel,51,1817,2.81%,5.47
khách sạn đông bắc trà cổ,51,1649,3.09%,7.17
cánh đồng mường than,51,663,7.69%,4.44
cocobay hòn sơn,50,5285,0.95%,7.79
hồ đại ninh,50,1778,2.81%,3.2
chuồn chuồn nghĩa lộ cách hà nội bao nhiều km,50,1413,3.54%,6.25
eo gió homestay tam đảo,50,1213,4.12%,5.46
jacaranda valley ecofarm ba vì,50,477,10.48%,3.54
khu du lịch bình an sóc trăng,50,360,13.89%,4.22
halo retreat,49,1743,2.81%,8.29
cồn tiên quảng trị,49,793,6.18%,3.34
khách sạn hà ngọc nguyễn bá tuyển,49,251,19.52%,2.7
suối ở huế đẹp,49,173,28.32%,1.16
công ty du lịch vietgoing,48,488,9.84%,1.36
giá vé cầu kính bạch long,47,2653,1.77%,3.26
khách sạn thiên ân huế,47,2174,2.16%,5.4
chùa linh thiêng ở vũng tàu,47,228,20.61%,4.2
the loop boutique hotel & cafe,46,1552,2.96%,5.02
melody retreat hòa bình,46,1311,3.51%,5.49
stream house,46,523,8.8%,6.59
danh lam thắng cảnh ở miền trung,46,460,10%,2.69
hòn gà chọi,45,5781,0.78%,7.96
khách sạn gần tân sơn nhất,45,2944,1.53%,7.59
aqua hotel hạ long,45,1225,3.67%,5.33
khách sạn quận 1 giá 500k,45,1092,4.12%,6.3
hình ảnh của melody retreat,45,658,6.84%,3.02
resort hưng yên,45,414,10.87%,3.08
resort lạng sơn,45,318,14.15%,5.64
nghĩa trang trường sơn quảng bình,45,257,17.51%,3.35
resort vinh thanh huế,44,1918,2.29%,9.31
khách sạn phố cổ hà nội 4 sao,44,718,6.13%,4.46
vinpearl cát bà,44,708,6.21%,3.45
homestay ninh bình có bể bơi,44,469,9.38%,2.92
louis hạ long,44,394,11.17%,2.69
địa điểm chill ở sài gòn,44,287,15.33%,3.55
quảng trường tam đảo,43,3828,1.12%,3.66
white cloud sapa,43,990,4.34%,5.4
nhà nghỉ gần phố đi bộ hà nội,43,590,7.29%,2.94
resort vũng tàu có khu vui chơi trẻ em,43,377,11.41%,4.96
nhà khách 368 quảng ninh,43,249,17.27%,3.06
lịch sử làng hoa vạn thành,43,152,28.29%,2.36
công viên 7 kỳ quan,42,3385,1.24%,6.56
khach san gan san bay tan son nhat,42,2337,1.8%,7.79
khách sạn thái hà hạ long,42,2165,1.94%,7.36
nhà khách a1 lạng sơn,42,1940,2.16%,6.79
t26 lăng cô,42,1237,3.4%,6.28
biệt thự cổ đà lạt,42,1225,3.43%,4.16
bình liêu quảng ninh có gì đẹp,42,201,20.9%,2.12
chùa nổi tiếng bình định,42,175,24%,1.86
khách sạn lamer thiên cầm,41,4738,0.87%,9.26
green dragon boutique hotel,41,1710,2.4%,6.11
tour hà nội 1 ngày giá cực rẻ,41,951,4.31%,7.26
bài đánh giá về khách sạn long thành 3,41,536,7.65%,2.17
khách sạn tình yêu hồ tây,41,357,11.48%,5.19
căn cứ cồn tiên,41,187,21.93%,2.04
aurora resort lagi,40,5640,0.71%,9.26
khách sạn victory vũng tàu,40,5569,0.72%,8.12
chùa vũng tàu,40,4685,0.85%,6.25
sunset beach lagi,40,1155,3.46%,6.42
thải giàng phố,40,345,11.59%,4.57
khu du lịch sinh thái bình an sóc trăng,40,140,28.57%,2.62
dốc miếu cồn tiên,40,127,31.5%,2.02
khách sạn bình thạnh,39,7012,0.56%,9.7
hoàng thành thăng long ở đâu,39,6302,0.62%,9.88
lá đỏ homestay sapa,39,4753,0.82%,8.08
19c phố hoàng diệu hoàng thành thăng long,39,3566,1.09%,2.91
review khách sạn gần sân bay tân sơn nhất,39,830,4.7%,5.9
khách sạn 5 sao phố cổ hà nội,39,663,5.88%,3.79
khách sạn 4 sao phố cổ,39,430,9.07%,3.43
ks long thành 3 sầm sơn,39,219,17.81%,3.42
khách sạn luxe quảng bình,38,2293,1.66%,8.58
khách sạn 4 sao huế,38,1732,2.19%,7.32
ảnh miền trung,38,852,4.46%,1.16
khách sạn lò sũ,38,612,6.21%,3.58
làng trong thung ba vì,38,394,9.64%,3.74
bình liêu,37,8644,0.43%,8.27
chuồn chuồn villa,37,1687,2.19%,6.17
friendly homestay quan lạn,37,920,4.02%,5.2
nhà thờ đền thánh hưng nghĩa,37,448,8.26%,3.55
intechco luxury hotel,37,248,14.92%,2.99
các suối đẹp ở huế,37,60,61.67%,1.03
khách sạn hoa cương đồng văn,36,3737,0.96%,8.28
ks gần sân bay tân sơn nhất,36,2709,1.33%,7.51
nhà ven hồ đồng đò,36,1889,1.91%,6.54
bến thành paradise hotel,36,1085,3.32%,4.27
báo hà nội mới ở đâu,36,1072,3.36%,2.28
khách sạn gần sân bay giá rẻ,36,650,5.54%,4.36
khách sạn intechco sầm sơn,36,473,7.61%,2.68
toà soạn báo hà nội mới,36,427,8.43%,2.62
homestay cô tô sam sam,36,365,9.86%,3.33
khách sạn 5 sao phố cổ,36,342,10.53%,3.51
homestay sam sam cô tô,36,323,11.15%,3.41
bãi đá nhảy cách biển nhật lệ bao xa,36,242,14.88%,2.21
nghĩa trang quảng bình,36,174,20.69%,1.95
an dương hải phòng có gì chơi,36,124,29.03%,2.4
suối tiên,35,30165,0.12%,6.58
cầu kính mộc châu,35,14236,0.25%,5.24
ba thật resort,35,4744,0.74%,9.61
mimosa villa tam đảo,35,1788,1.96%,6.52
khách sạn sapa cửa lò,35,1015,3.45%,5.88
tượng nàng tô thị,35,858,4.08%,3.68
giá vé fansipan,35,718,4.87%,9.42
tour địa đạo củ chi nửa ngày,35,615,5.69%,6.65
vé đi cầu kính mộc châu,35,288,12.15%,2.19
khách sạn thiên cầm xanh hà tĩnh,35,183,19.13%,2.63
bãi biển bắc giang,35,75,46.67%,2.64
tam đảo xanh homestay,34,1037,3.28%,5.22
hồ bán nguyệt ở đâu,34,984,3.46%,3.67
cầu kính mộc châu giá vé,34,928,3.66%,3.66
villa ở tam đảo,34,568,5.99%,4.58
khu du lịch bình liêu quảng ninh,34,223,15.25%,3.93
khu nghỉ dưỡng hưng yên,34,169,20.12%,1.98
khách sạn gần hồ hoàn kiếm,33,6911,0.48%,10.87
khách sạn gia an vũng tàu,33,2954,1.12%,9.24
giá vé cáp treo yên tử 2025,33,2622,1.26%,8.14
the may garden,33,1024,3.22%,6.22
thành công hotel hạ long,33,891,3.7%,3.81
khắc cường limousine,33,628,5.25%,5.11
khách sạn 3 sao gần cầu rồng đà nẵng,33,482,6.85%,5.7
giang hà hotel cát bà,33,216,15.28%,2.53
khách sạn gần tràng an ninh bình,32,1519,2.11%,6.47
sunflower nhật lệ,32,1333,2.4%,5.94
khách sạn gần sân bay quốc tế tân sơn nhất,32,1272,2.52%,6.97
khách sạn view hồ tây,32,1076,2.97%,7.39
khách sạn nữ hoàng đà nẵng,32,835,3.83%,6.58
chợ cam ranh,32,718,4.46%,6.91
nhà thờ hưng nghĩa,31,4211,0.74%,8.14
khách sạn tuấn vũ cô tô,31,2380,1.3%,9.33
khách sạn gần phố cổ hà nội,31,1993,1.56%,7.74
khách sạn quỳnh hoa tam đảo,31,890,3.48%,4.74
nhà xe khắc cường limousine,31,372,8.33%,4.99
khách sạn bình dân gần sân bay tân sơn nhất,31,303,10.23%,2.35
lịch sử hồ bán nguyệt hưng yên,31,262,11.83%,2.21
khu nghỉ dưỡng nala,31,224,13.84%,4.83
cồn đen thái bình,30,4908,0.61%,3.47
khách sạn gần chợ phiên bắc hà,30,939,3.19%,5.78
homestay tam đảo có bể bơi,30,488,6.15%,2.68
suối ở bắc ninh,30,340,8.82%,8.59
giá khu nghỉ dưỡng lăng cô t26,30,270,11.11%,6.07
đông á hotel cô tô,30,239,12.55%,3.47
khu du lịch mỹ lệ,30,215,13.95%,5.75
chùa bình định nổi tiếng,30,210,14.29%,1.97
địa điểm check-in quảng nam,30,134,22.39%,1.22
khách sạn long thành 3 sầm sơn thanh hoá,30,126,23.81%,2.91
bình liêu có gì đẹp,30,107,28.04%,2.21
biển hà tiên,29,18615,0.16%,4.49
aloha hotel vũng tàu,29,10232,0.28%,10.01
a25 minh khai,29,8754,0.33%,7.75
bình liêu quảng ninh,29,3815,0.76%,9.5
suối khe su huế,29,1658,1.75%,7.41
dragon minh châu resort,29,1600,1.81%,8.87
isea by the sea,29,1491,1.95%,6.21
thác khe dầu,29,900,3.22%,4.99
hình ảnh của khách sạn long thành 3,29,349,8.31%,2.14
vé vào cầu kính mộc châu,29,341,8.5%,2.74
hình ảnh hồ bán nguyệt hưng yên,29,242,11.98%,1.45
thác datanla,28,5221,0.54%,11.26
công viên an hòa,28,4682,0.6%,8.24
vé cáp treo yên tử 2025,28,1737,1.61%,6.7
du lịch hải phòng 1 ngày,28,1526,1.83%,7.67
rừng tràm long an,28,1219,2.3%,4.02
tìm khách sạn gần sân bay tân sơn nhất,28,1038,2.7%,6.78
nàng tô thị ở đâu,28,1020,2.75%,4.16
resort tây ninh,28,1020,2.75%,8.9
toà soạn báo hà nội,28,795,3.52%,2.46
lịch diễn sơn tinh thủy tinh ở suối tiên,28,383,7.31%,6.22
nhà nghỉ giá rẻ gần phố đi bộ hà nội,28,306,9.15%,3.33
tour du lịch hải phòng 1 ngày,28,267,10.49%,7.23
villa hồ đồng chanh hòa bình,28,213,13.15%,3.47
đèo chuối đà lạt,28,207,13.53%,2.22
an lạc resort,27,2360,1.14%,8.76
khách sạn sân bay tân sơn nhất,27,2085,1.29%,9.2
khách sạn sailing hà tĩnh,27,1555,1.74%,7.31
khách sạn 4 sao ở hà nội,27,1400,1.93%,7.23
chill villa tam đảo,27,832,3.25%,4.98
đèo chuối ở đâu,27,558,4.84%,3.46
giá aurora resort lagi,27,420,6.43%,5.43
khách sạn anpha vinh,27,227,11.89%,3.19
khách sạn sông ngân đông giang,27,167,16.17%,3.5
khách sạn ở cồn vành thái bình,27,141,19.15%,4.81
gold city,26,18025,0.14%,6.66
chuồn chuồn nghĩa lộ,26,7282,0.36%,10.39
phoenix minh châu,26,3274,0.79%,10.03
mộ bà hoàng thị loan,26,2851,0.91%,10.2
giá cáp treo fansipan,26,1653,1.57%,7.39
tour hà nội,26,1518,1.71%,8.44
khách sạn daewoo cửa lò,26,1357,1.92%,7.14
trung tâm du lịch buôn đôn,26,1294,2.01%,8.07
khách sạn long thành sầm sơn,26,1013,2.57%,9.88
green homestay bến tre,26,762,3.41%,6.92
khách sạn aqua hạ long,26,750,3.47%,5.74
suối huế,26,709,3.67%,4.59
khách sạn hữu tình thiên cầm,26,365,7.12%,3.55
giá vé tàu hoa phượng đỏ đi bạch long vĩ,26,337,7.72%,5.45
giá vé thác đá hàn,26,321,8.1%,2.7
làng sen mỹ nghiệp,26,310,8.39%,3.55
chùa đồng thiện hải phòng,26,294,8.84%,4.78
những địa điểm chill ở sài gòn,26,117,22.22%,3.14
suối ở thái bình,26,86,30.23%,3.19
phú an hotel đà nẵng,25,4382,0.57%,9.15
khách sạn 5 sao quận 1,25,3207,0.78%,7.65
khách sạn mường thanh sài gòn địa chỉ,25,1128,2.22%,5.76
7 kỳ quan long an,25,964,2.59%,5.9
homestay việt trì,25,737,3.39%,8.28
top khách sạn gần sân bay tân sơn nhất,25,628,3.98%,6.68
ks gần sân bay tân sơn nhất giá rẻ,25,362,6.91%,3.57
nàng tô thị chùa tam thanh,25,329,7.6%,2.46
khu di tích đạo dừa,25,252,9.92%,4.67
giá khách sạn hth ruby - sầm sơn,25,199,12.56%,7.6
nhà nghỉ ở cồn vành thái bình,25,156,16.03%,5.52
thiên cầm xanh hotel,25,136,18.38%,2.51
cảng cá quy nhơn - bến tàu hàm tử,25,128,19.53%,2.09
long thành 3 hotel sầm sơn,25,127,19.69%,3.22
khách sạn quận 3,24,4140,0.58%,12.42
love house homestay sapa,24,3233,0.74%,8.09
an lạc eco farm & hot springs,24,1854,1.29%,8.65
km số 0 hà giang,24,1499,1.6%,6.72
resort nha trang có bãi biển riêng,24,1070,2.24%,8.41
vé cầu kính mộc châu,24,1009,2.38%,4.9
đền công đồng bắc lệ thờ ai,24,870,2.76%,7.75
phong cảnh miền trung,24,712,3.37%,1.57
hình ảnh nghĩa trang trường sơn,24,644,3.73%,1.18
mộc châu green house,24,643,3.73%,9.98
resort sunset beach lagi,24,558,4.3%,6.78
dốc miếu quảng trị,24,513,4.68%,3.24
hồ bán nguyệt tp hưng yên,24,414,5.8%,2.13
khách sạn bidv cửa lò,24,407,5.9%,6.53
khu nghỉ dưỡng t26 lăng cô,24,330,7.27%,6.61
la isla bonita phú quý,24,278,8.63%,2.95
huyện đại linh,24,179,13.41%,3.66
an giang có biển gì,24,120,20%,3.55
khách sạn gần đây,23,10598,0.22%,9.44
khu du lịch bình châu,23,3656,0.63%,10.26
công viên an hoà,23,2717,0.85%,7.78
làng lụa vạn phúc,23,2045,1.12%,9.87
thiên ân hotel huế,23,1928,1.19%,5.9
la paloma minh châu resort,23,1653,1.39%,7.66
kumochan homestay,23,1514,1.52%,7.59
trụ sở báo hà nội mới,23,1245,1.85%,3.44
nhà nghỉ gần sân bay giá rẻ,23,810,2.84%,4.99
"địa điểm vui chơi ở vinh, nghệ an",23,669,3.44%,8.46
vila tam đảo,23,624,3.69%,5.28
resort quốc oai,23,306,7.52%,7.33
chùa thiên mụ được unesco công nhận vào năm nào,23,302,7.62%,2.92
melody resort,23,222,10.36%,6.39
đền thánh hưng nghĩa nam định,23,176,13.07%,3.93
368 bãi cháy,23,173,13.29%,4.23
giá vé đi cầu kính mộc châu,23,151,15.23%,2
nhà nghỉ dưỡng 368 hạ long bãi cháy thành phố hạ long quảng ninh,23,124,18.55%,4.13
melody lương sơn hòa bình,23,103,22.33%,5.47
khách sạn gần hồ gươm,22,3571,0.62%,8.9
đồi hoa hướng dương nghệ an,22,3570,0.62%,7.96
khách sạn bình an nhiên ninh bình,22,1936,1.14%,9.06
hotel gần sân bay tân sơn nhất,22,1832,1.2%,7.22
khách sạn mường thanh ở tphcm,22,1811,1.21%,6.01
khách sạn hòn ngư cửa lò,22,1771,1.24%,8.89
các điểm tham quan tại thành phố vinh,22,1473,1.49%,6.55
khách sạn hà nội 4 sao,22,1424,1.54%,6.51
poko ecolodge tam đảo,22,1088,2.02%,6.86
tìm nhà nghỉ gần sân bay tân sơn nhất,22,1019,2.16%,6.19
real melody retreat,22,634,3.47%,6.89
công viên 7 kỳ quan long an,22,633,3.48%,5.61
khách sạn gần phố cổ hà nội giá rẻ,22,593,3.71%,4.69
melody retreat hoà bình,22,434,5.07%,5.4
bãi chà là,22,392,5.61%,2.4
phúc yên có gì chơi,22,379,5.8%,5.63
villa tam đảo cho 10 người,22,326,6.75%,3.82
tắm bùn ở quy nhơn,22,75,29.33%,2.23
đại nội huế,21,14202,0.15%,9.81
mường thanh sài gòn,21,6533,0.32%,8.41
khách sạn phố cổ,21,3576,0.59%,9.2
rova hotel phú quốc,21,3337,0.63%,9.08
ho tram golden hotel,21,3270,0.64%,9.18
kumo chan homestay,21,1304,1.61%,6.92
khách sạn 3 sao gần sân bay tân sơn nhất,21,1288,1.63%,8.42
tuấn vũ hotel cô tô,21,1287,1.63%,7.96
xe limousine hà nội tam đảo,21,1042,2.02%,7.79
kumo chan homestay tam đảo,21,941,2.23%,6.03
khách sạn hoa viên kim bôi,21,857,2.45%,7.7
đông bắc hotel trà cổ,21,560,3.75%,6.97
khách sạn ở bãi kinh bình hưng,21,491,4.28%,4.36
windy villa tam đảo,21,364,5.77%,4.17
chùa bích nam,21,325,6.46%,3.13
happy villa tam đảo,21,321,6.54%,4.16
đồi rockpile,21,283,7.42%,7.93
"khách sạn 5 sao hà nội, gần hồ hoàn kiếm",21,274,7.66%,3.6
hà my hotel cát bà,21,265,7.92%,4.17
làng lụa vạn phúc địa chỉ,21,236,8.9%,3.17
khu du lịch sinh thái mỹ lệ,21,228,9.21%,4.94
đông á hotel,21,207,10.14%,3.46
19c phố hoàng diệu thăng long,21,170,12.35%,2.18
homestay hồ đồng chanh,21,166,12.65%,3.22
thung lũng hoa thải giàng phố,21,160,13.12%,3.09
vé cầu kính mộc châu 2025,21,127,16.54%,1.54
bình liêu quảng ninh có gì,21,109,19.27%,2.2
tắm bùn quy nhơn,21,79,26.58%,3.28
hotel de sapa,20,7919,0.25%,9.13
biệt thự đà lạt,20,3583,0.56%,5.14
khách sạn mường thanh sài gòn,20,2735,0.73%,8.93
khách sạn thái an cửa lò,20,2319,0.86%,10.56
đạo dừa bến tre,20,2041,0.98%,7.53
khách sạn bạch đằng hạ long,20,1745,1.15%,9.15
meta sea nam du,20,1330,1.5%,7.87
trung tâm thánh mẫu trà kiệu,20,1290,1.55%,8.64
du lịch lạng sơn 2 ngày 1 đêm,20,972,2.06%,8.03
meta sea resort nam du,20,906,2.21%,6.67
90s tam đảo,20,883,2.27%,6.1
khách sạn century cửa lò,20,872,2.29%,7.95
19c phố hoàng diệu hoàng thành thăng long là ở đầu,20,829,2.41%,2.87
khách sạn gần sân bay tân sơn nhất 3 sao,20,829,2.41%,7.83
khách sạn hà nội gần phố cổ,20,820,2.44%,7.17
mường thanh đà nẵng địa chỉ,20,723,2.77%,5.28
homestay đẹp ở sapa gần trung tâm,20,571,3.5%,5.63
10 địa danh nổi tiếng ở bình thuận,20,510,3.92%,8.81
khách sạn luxury quảng ngãi,20,482,4.15%,4.71
white cloud homestay,20,453,4.42%,5.65
khách sạn châu khanh cô tô,20,311,6.43%,5.41
nhà khách t26 lăng cô,20,310,6.45%,6.51
suối ở hà nam,20,290,6.9%,6.77
các điểm du lịch quy nhơn phú yên,20,220,9.09%,4.75
homestay nhà bè,20,211,9.48%,9.96
đại linh thuộc tỉnh nào,20,204,9.8%,2.85
resort melody hoà bình,20,158,12.66%,5.55
homestay thường tín,20,131,15.27%,8.2
nhà khách bộ công an hạ long,20,55,36.36%,2.64
tour vĩnh hy,19,12006,0.16%,15.63
đạo dừa,19,5627,0.34%,4.55
maida lodge,19,3409,0.56%,9.56
an giang có biển không,19,2541,0.75%,7.84
lamer thiên cầm,19,2479,0.77%,9
sunset villa tam đảo,19,2283,0.83%,8.17
genuss tam dao,19,2132,0.89%,8.63
khách sạn 5 sao sài gòn quận 1,19,1924,0.99%,7.49
khách sạn ở hà nội gần hồ gươm,19,1630,1.17%,9.57
khach san gan san bay,19,1361,1.4%,8.22
công đồng bắc lệ ở đâu,19,1096,1.73%,7.07
flc nha trang,19,839,2.26%,7.23
queen hotel hải hoà,19,706,2.69%,6.99
veque farm,19,655,2.9%,6.66
chuồn chuồn villa homestay tam đảo,19,621,3.06%,5.09
khách sạn gần hồ hoàn kiếm giá rẻ,19,476,3.99%,6.96
lâm viên mỹ lệ,19,469,4.05%,7.47
chiều dài đảo lý sơn,19,379,5.01%,2.45
homestay suối khoáng minh hằng,19,352,5.4%,3.73
tour bình liêu 1 ngày,19,319,5.96%,6.67
vịnh hà tiên,19,185,10.27%,3.41
công đồng bắc lệ thờ những ai,19,161,11.8%,5.16
khách sạn hiền linh hạ long,19,152,12.5%,3.83
ana beach resort,19,111,17.12%,2.83
khách sạn 368 hạ long,19,51,37.25%,2.53
bảo tàng dân tộc học việt nam,18,36615,0.05%,9.42
khách sạn a25 minh khai,18,2946,0.61%,7.99
khách sạn phú an đà nẵng,18,2870,0.63%,10.27
bãi kinh,18,2477,0.73%,8.7
cầu rạch miễu bến tre,18,2321,0.78%,2.39
resort ninh bình,18,2122,0.85%,21.91
khách sạn 3 sao phú quốc,18,1933,0.93%,8.28
thung lũng hoa bắc hà,18,1616,1.11%,8.99
làng hoàng trù,18,1267,1.42%,8.78
khách sạn 4 sao gần sân bay tân sơn nhất,18,981,1.83%,8.34
khách sạn 4 sao tại hà nội,18,890,2.02%,7.79
công viên an hòa rạch giá,18,852,2.11%,6.74
khách sạn 5 sao hà nội gần hồ hoàn kiếm,18,539,3.34%,3.56
khách sạn 5 sao gần hồ hoàn kiếm,18,532,3.38%,3.16
victory luxury hạ long,18,424,4.25%,5.19
bài văn tả hồ bán nguyệt lớp 5,18,307,5.86%,6.45
khách sạn gần sân bay tân sơn nhất trong vòng 800m,18,295,6.1%,3.93
tour hà nội hải phòng 1 ngày,18,264,6.82%,6.13
tour sơn la,18,233,7.73%,4.47
homestay yên tử,18,218,8.26%,3.74
khách sạn có hồ bơi ở quy nhơn,18,193,9.33%,4.05
nàng tô thị ở lạng sơn,18,155,11.61%,1.47
suối ở lăng cô,18,88,20.45%,3.58
giá meta sea resort,18,88,20.45%,4.01
cảng cá hàm tử,18,78,23.08%,2.36
công ty vietgoing,18,31,58.06%,1
tô thị,17,3246,0.52%,4.8
khách sạn hồ tây,17,2283,0.74%,10.38
khách sạn thăng long sầm sơn,17,1879,0.9%,9.76
nhà thờ chính toà bmt,17,1414,1.2%,9.6
khách sạn 4 sao ở huế,17,1282,1.33%,9.29
homestay 90s tam đảo,17,1046,1.63%,6.78
homestay làng chài phú yên,17,979,1.74%,6.69
homestay hà nam,17,842,2.02%,9.02
núi nà lay,17,663,2.56%,5.61
nala retreat,17,623,2.73%,5.89
khách sạn 3 sao tam đảo,17,615,2.76%,7.79
nhà nghỉ ở sapa gần nhà thờ đá,17,589,2.89%,6.24
tour onsen quang hanh 1 ngày,17,555,3.06%,7.07
khách sạn 79 luxury hạ long,17,551,3.09%,6.52
tour hà nội - hải phòng 1 ngày,17,453,3.75%,7.04
bloom boutique hotel,17,440,3.86%,5.8
khách sạn ruby queen hạ long,17,413,4.12%,8.29
"villa tam đảo, 3 phòng ngủ",17,252,6.75%,5.82
resort huế giá rẻ,17,244,6.97%,4.4
19c phố hoàng diệu hà nội,17,174,9.77%,2.2
quảng trường trung tâm tam đảo,17,153,11.11%,3.09
di tích ông đạo dừa,17,131,12.98%,2.98
nhà nghỉ 368,17,131,12.98%,3.93
cảnh đẹp bình liêu,17,82,20.73%,2.04
anna beach resort mũi né,17,82,20.73%,2.61
du lịch bình liêu quảng ninh có gì,17,67,25.37%,2.37
khách sạn one day đà lạt,17,59,28.81%,2.66
khách sạn 368 bãi cháy,17,58,29.31%,3.41
viettrekking sapa,16,3112,0.51%,15.03
khách sạn ở quận 1,16,2286,0.7%,9.28
biển vinh thanh,16,1902,0.84%,3.89
hình ảnh nhà thờ đức bà,16,1810,0.88%,1.17
cảnh đẹp sài gòn,16,1803,0.89%,3.91
hồ tràm golden hotel,16,1715,0.93%,7.88
biệt thự tam đảo,16,1557,1.03%,7.45
khách sạn gia lê tam đảo,16,1479,1.08%,8.07
an lạc eco farm,16,1395,1.15%,7.55
khách sạn genuss tam đảo,16,1361,1.18%,8.21
đồng chanh villa,16,1197,1.34%,9.42
satoyama,16,1038,1.54%,9.09
nắng homestay tam đảo,16,1020,1.57%,6.33
family hotel nha trang,16,890,1.8%,20.03
hòn ngư hotel cửa lò,16,762,2.1%,9.67
nala resort,16,676,2.37%,5.8
coto jade island,16,588,2.72%,9.24
sunshine hạ long hotel,16,568,2.82%,4.14
chùa lớn ở vũng tàu,16,488,3.28%,4.63
homestay sapa gần trung tâm,16,461,3.47%,5.88
bài đánh giá về bến thành paradise hotel,16,404,3.96%,4.49
khách sạn 20/10 quảng bình,16,402,3.98%,5.59
homestay bắc giang,16,374,4.28%,8.4
khu du lịch sinh thái ecopark,16,327,4.89%,6.02
khách sạn phố lò sũ,16,300,5.33%,2.42
khách sạn thiên sơn mộc châu,16,214,7.48%,4.22
khách sạn aqua hải tiến,16,206,7.77%,6.21
bãi chà là ninh thuận,16,193,8.29%,2.1
khách sạn gần tân sơn nhất giá rẻ,16,191,8.38%,2.91
khách sạn đại dương thanh hóa,16,174,9.2%,4.05
ảnh nàng tô thị,16,165,9.7%,1.05
khu du lịch mỹ lệ bình phước,16,115,13.91%,4.66
bảo tàng dân tộc việt nam,15,20228,0.07%,6.57
ninh bình retreat,15,3447,0.44%,9.84
cầu kính bạch long,15,3015,0.5%,14.23
vé cáp treo fansipan,15,2525,0.59%,10.89
khách sạn quận bình thạnh,15,2474,0.61%,9.34
paris hotel châu đốc,15,2341,0.64%,8.62
diamond beach hotel,15,1964,0.76%,9.49
khách sạn 5 sao ở hà nội,15,1681,0.89%,8.97
chill villa ba vì,15,1644,0.91%,8.69
suối,15,1578,0.95%,9.42
lagi,15,1517,0.99%,15.49
khách sạn hoa đất đà lạt,15,1271,1.18%,5.56
dongvan ville du h'mong hotel,15,1237,1.21%,7.89
kumo chan tam đảo,15,1153,1.3%,7.65
khách sạn khu phố cổ hà nội,15,1151,1.3%,7.48
hoa cương đồng văn,15,919,1.63%,7.7
cát lợi hotel phú quốc,15,834,1.8%,7.03
biển thanh khê,15,786,1.91%,6.66
the loop đà lạt,15,621,2.42%,5.18
khách sạn ở gần sân bay tân sơn nhất,15,544,2.76%,7.03
chuồn chuồn nghĩa lộ ảnh,15,538,2.79%,3.7
khách sạn việt đức cửa lò,15,493,3.04%,6.39
khu du lịch sinh thái my camping,15,373,4.02%,6.45
sunset lagi,15,367,4.09%,5.93
khách sạn giá rẻ ở phố cổ hà nội,15,358,4.19%,4.23
oa resort,15,348,4.31%,6.49
khu biệt thự cổ đà lạt,15,341,4.4%,4.13
giá vé cầu kính bạch long 2025,15,319,4.7%,2.96
amore mio hotel mộc châu,15,318,4.72%,4.29
chùa đẹp ở vũng tàu,15,308,4.87%,7
khách sạn savanna hạ long,15,282,5.32%,4.88
homestay liên chiểu đà nẵng,15,274,5.47%,9.39
sunset beach lagi bình thuận,15,234,6.41%,6
khách sạn king hạ long,15,228,6.58%,6.79
giới thiệu vinpearl nha trang,15,214,7.01%,5.12
khách sạn lê văn lương,15,191,7.85%,3.35
khách sạn 5 sao hoàn kiếm,15,189,7.94%,3.85
khách sạn cát linh hà nội,15,183,8.2%,4.62
19c phố hoàng diệu hoàng thành thăng long hà nội,15,143,10.49%,2.44
về quê farm,15,123,12.2%,4.95
khách sạn intechco luxury sầm sơn,15,110,13.64%,2.88
check in ninh thuận,15,109,13.76%,4.3
giá nala boutique retreat,15,87,17.24%,3.07
vé tham quan cầu kính mộc châu,15,76,19.74%,1.96
pink berry hotel,15,58,25.86%,2.93
nghĩa trang trường sơn,14,13081,0.11%,8.89
homestay đà lạt,14,3945,0.35%,16.32
nhà xe hà sơn hải vân,14,3858,0.36%,6.86
cồn đen,14,3028,0.46%,2.9
resort quy nhơn,14,2810,0.5%,24.21
suối cửa tử,14,2808,0.5%,8.6
venice hotel phú quốc,14,2692,0.52%,11.25
khách sạn 5 sao,14,2594,0.54%,10.64
làng lụa vạn phúc ở đâu,14,2019,0.69%,9.26
khách sạn ở huế gần phố đi bộ,14,1737,0.81%,9.64
sapa grand hills hotel apartments,14,1669,0.84%,9.05
khách sạn 3 sao đà nẵng,14,1663,0.84%,10.82
swan sapa hotel,14,1344,1.04%,6.94
khách sạn ở nha trang gần biển giá rẻ,14,1193,1.17%,10.6
khách sạn quận hải châu đà nẵng,14,1012,1.38%,5.3
khách sạn gần trung tâm hội nghị quốc gia,14,979,1.43%,10.83
khách sạn 4 sao sapa,14,942,1.49%,10.77
19 hoàng diệu,14,901,1.55%,4.54
sun diamond hotel ha long,14,828,1.69%,8.71
sailing tower hotel,14,770,1.82%,6.73
khách sạn nam á tam đảo,14,763,1.83%,7.24
khách sạn ở ninh bình gần tràng an,14,724,1.93%,6.6
hình ảnh của công viên 7 kỳ quan,14,706,1.98%,4.23
villa biển xanh phú quý,14,695,2.01%,5.6
chùa đồng thiện,14,669,2.09%,4.77
lepont minh châu hotel,14,648,2.16%,6.15
tour củ chi nửa ngày,14,639,2.19%,10.18
chụp ảnh hà giang,14,509,2.75%,4.9
khách sạn biển hải hòa queen hotel,14,484,2.89%,7.6
sh homestay,14,466,3%,6.92
khách sạn a1 lạng sơn,14,412,3.4%,6.41
khách sạn phố cổ giá rẻ,14,394,3.55%,3.96
ơ homestay tam đảo,14,391,3.58%,5.16
chính thư eco garden,14,389,3.6%,4.43
đèo chuối thuộc tỉnh nào,14,352,3.98%,2.88
19c hoàng diệu ba đình hà nội,14,335,4.18%,2.49
nhà bên suối sóc sơn,14,328,4.27%,5.03
giới thiệu về the marron hotel,14,281,4.98%,5.67
chùa lớn nhất bình định,14,280,5%,4.4
hình ảnh của làng trong thung,14,276,5.07%,3.9
hồ bán nguyệt hà nội,14,262,5.34%,2.58
khách sạn 3 sao móng cái,14,247,5.67%,8.99
điểm du lịch quy nhơn phú yên,14,237,5.91%,3.68
"quận hải châu, đà nẵng có gì chơi",14,231,6.06%,4.15
anna beach,14,216,6.48%,6.22
phú xuyên có gì chơi,14,207,6.76%,7.91
lịch trình đi lễ lạng sơn 2 ngày 1 đêm,14,202,6.93%,5.54
chụp ảnh ở hà giang,14,194,7.22%,4.45
bến bính đi bạch long vĩ,14,188,7.45%,6.71
ảnh làng cổ đường lâm,14,185,7.57%,3.2
ceeland nhà trên đồi,14,182,7.69%,5.08
melody retreat ảnh,14,180,7.78%,4.42
vạn thành fleur village,14,152,9.21%,3.62
resort 4 sao đà nẵng,14,151,9.27%,8.02
melody lương sơn,14,144,9.72%,5.18
các suối ở phú lộc huế,14,93,15.05%,4.55
khu nghỉ dưỡng melody retreat,14,79,17.72%,5.44
nghĩa trang liệt sĩ quảng bình,14,77,18.18%,2.09
đại linh nằm ở đâu,14,77,18.18%,4.38
tháp đôi,13,12537,0.1%,2.21
avari hotel nha trang,13,4144,0.31%,11.04
luxe hotel quảng bình,13,3812,0.34%,8.75
yes hotel,13,3157,0.41%,11.09
khách sạn mỹ mỹ tây ninh,13,2784,0.47%,7.26
galliot central hotel,13,2535,0.51%,11.65
núi cấm an giang,13,2373,0.55%,6.24
river park đà lạt,13,2142,0.61%,9.69
bãi biển cồn đen,13,1904,0.68%,3.55
sự tích nàng tô thị,13,1851,0.7%,6.29
hoa lư garden resort,13,1500,0.87%,6.81
genuss tam đảo,13,1489,0.87%,8.69
khách sạn gần cầu rồng đà nẵng,13,1404,0.93%,11
tân thanh lạng sơn,13,1326,0.98%,7.7
khách sạn gần hồ gươm hà nội,13,1252,1.04%,8.61
bình châu,13,1063,1.22%,13.56
giá cáp treo lên fansipan,13,981,1.33%,8.34
happy home sapa,13,950,1.37%,7.07
khách sạn thái bình dương cửa lò,13,943,1.38%,11.16
giờ mở cửa chùa trấn quốc,13,802,1.62%,8.12
cửa khẩu tân thanh thuộc tỉnh nào,13,708,1.84%,2.89
vinpearl vũng tàu,13,688,1.89%,7.64
tour đảo rều 2 ngày 1 đêm,13,598,2.17%,9.69
đảo ngọc vĩnh phúc,13,584,2.23%,9.03
khách sạn 3 sao cát bà,13,576,2.26%,9.09
suối gần đây,13,568,2.29%,7.2
bình yên cottages,13,529,2.46%,5.02
khách sạn bãi kinh bình hưng,13,481,2.7%,5.06
rose villa tam đảo,13,462,2.81%,5.01
ảnh đền hùng phú thọ,13,456,2.85%,1.2
ảnh quảng nam,13,434,3%,1.47
anh tú hotel sapa,13,413,3.15%,5.73
giàng homestay tà xùa,13,408,3.19%,4.79
giới thiệu về khu du lịch buôn đôn,13,408,3.19%,8.72
eo gió tam đảo,13,347,3.75%,5.58
combo sapa 3 ngày 2 đêm,13,338,3.85%,6.4
đỉnh tình yêu côn đảo,13,335,3.88%,5.72
combo sầm sơn 2 ngày 1 đêm,13,294,4.42%,7.8
tour lào cai,13,285,4.56%,6.26
resort đồng tháp,13,275,4.73%,9.14
khách sạn 5 sao gần hồ gươm,13,245,5.31%,3.1
hình ảnh điện hòn chén,13,236,5.51%,1.23
khách sạn green dragon cẩm phả,13,216,6.02%,5.81
cửa khẩu tân thanh thuộc huyện nào,13,199,6.53%,2.35
hiền linh hotel,13,189,6.88%,3.88
khách sạn lò sũ hà nội,13,171,7.6%,5.49
hình ảnh của khách sạn công đoàn cửa lò,13,170,7.65%,3.38
biển vinh thanh map,13,159,8.18%,2.38
khách sạn gần sân bay nhất,13,152,8.55%,6.39
khách sạn an house quy nhơn,13,138,9.42%,5.99
đồi vọng cảnh đà lạt,13,107,12.15%,3.31
viết bài văn tả hồ bán nguyệt,13,80,16.25%,3.77
biển cẩm lệ,13,70,18.57%,1.21
tour lâm đồng,13,68,19.12%,2.43
vietgoing travel,13,62,20.97%,2.94
cảnh đẹp bình liêu quảng ninh,13,39,33.33%,2.05
khách sạn long thành iii sầm sơn,13,35,37.14%,2.34
nhà khách bộ công an quảng ninh,13,34,38.24%,1.79
những suối đẹp ở huế,13,29,44.83%,1.52
cù lao chàm,12,12621,0.1%,6.71
vinpearl land,12,5258,0.23%,7.6
homestay mộc châu,12,4258,0.28%,13.52
nhà khách chính phủ,12,3517,0.34%,9.61
xe hà sơn,12,3183,0.38%,8.29
khách sạn quận 5,12,2389,0.5%,13.18
khách sạn 3 sao đà lạt,12,2148,0.56%,10.05
hình ảnh của đền công đồng bắc lệ,12,1879,0.64%,5.04
khách sạn river park đà lạt,12,1612,0.74%,10.67
đồng văn cliffside house,12,1604,0.75%,8.07
cendana tràng an retreat,12,1572,0.76%,8.35
cây đào tô hiệu,12,1567,0.77%,3.88
roman resort phú quý,12,1499,0.8%,7.04
river park hotel đà lạt,12,1368,0.88%,9.75
the postcard hotel,12,1179,1.02%,8.39
homestay lá đỏ sapa,12,1063,1.13%,7.75
khách sạn sun plaza sapa,12,1021,1.18%,9.2
"khách sạn hải châu, đà nẵng",12,1004,1.2%,5.55
khách sạn vũ phong prime,12,950,1.26%,8.74
các khách sạn gần sân bay tân sơn nhất,12,931,1.29%,8.74
bài đánh giá về an lạc eco farm & hot springs,12,905,1.33%,5.4
19c hoàng diệu hoàng thành thăng long,12,879,1.37%,3.65
bài đánh giá về coco bay hòn sơn,12,847,1.42%,4.6
khách sạn đại dương,12,841,1.43%,8.72
hilly home,12,820,1.46%,5.44
hình ảnh miền trung,12,812,1.48%,1.02
mimosa tam đảo,12,781,1.54%,7.17
km 0 hà giang,12,729,1.65%,6.74
white cloud,12,728,1.65%,5.01
paradise sóc sơn,12,719,1.67%,7.2
giờ lễ nhà thờ chính tòa bmt,12,719,1.67%,10.71
pamela angel hotel,12,703,1.71%,8.2
ảnh đẹp đà lạt,12,683,1.76%,2.49
khách sạn hàng gà,12,672,1.79%,4.28
homestay vinh,12,667,1.8%,10.86
khách sạn bora sapa,12,638,1.88%,7.16
nhà nghỉ giá rẻ gần sân bay tân sơn nhất,12,604,1.99%,3.78
tam đảo villa,12,600,2%,5.39
khách sạn ngọc nhàn cô tô,12,589,2.04%,5.94
khách sạn gần nhà thờ đá sapa,12,581,2.07%,4.8
lamay villa tam đảo,12,577,2.08%,7.42
dairy farm,12,559,2.15%,7.24
mycamping,12,533,2.25%,6.91
cửa khẩu tân thanh tiếng trung là gì,12,524,2.29%,5.75
dc aroma villa,12,384,3.12%,6.92
du lịch sơn la 2 ngày 1 đêm,12,353,3.4%,6.54
hình ảnh làng lụa vạn phúc,12,347,3.46%,1.09
khách sạn family nha trang,12,342,3.51%,7.39
79 luxury hạ long,12,339,3.54%,5.92
sao mai đồ sơn,12,327,3.67%,5.52
khách sạn anh tú sapa,12,312,3.85%,5.76
resort lai châu,12,307,3.91%,4.45
giá phòng an lạc resort,12,288,4.17%,8.29
khách sạn anphaan vinh,12,283,4.24%,5.56
nang to thi,12,266,4.51%,3.23
view chụp hình đẹp tam kỳ,12,225,5.33%,7.64
khách sạn 20-10 quảng bình,12,208,5.77%,5.66
tàu đi bạch long vĩ,12,199,6.03%,7.09
homestay hoài đức,12,199,6.03%,8.34
19c hoàng diệu thăng long,12,197,6.09%,2.55
đại linh ở đâu lâm đồng,12,195,6.15%,2.76
suối bắc ninh,12,167,7.19%,9.07
giới thiệu về vinpearl nha trang,12,157,7.64%,4.5
roses villa - biệt thự hoa hồng tam đảo,12,125,9.6%,3.84
làng thung ba vì,12,93,12.9%,3.88
khách sạn giá rẻ gần sân bay,12,87,13.79%,3.38
khách sạn louis hotel hạ long,12,70,17.14%,3.4
làng sen mỹ nghiệp ninh thuận,12,60,20%,3.02
resort ở vũng tàu có khu vui chơi trẻ em,12,52,23.08%,3.65
mai hotel vũng tàu,11,8044,0.14%,12
lanura apartments and hotel,11,5224,0.21%,11.97
rừng thông bản áng,11,3244,0.34%,7.76
cột mốc số 0 hà giang,11,2933,0.38%,10.3
royal beach hotel,11,2401,0.46%,10.11
suối mơ lăng cô,11,2155,0.51%,9.96
quảng trường nha trang,11,1976,0.56%,3.69
khách sạn aloha vũng tàu,11,1930,0.57%,10.37
chợ lớn quận 6,11,1915,0.57%,6.25
khách sạn gần hồ hoàn kiếm hà nội,11,1867,0.59%,9.65
bình liêu ở đâu,11,1810,0.61%,4.93
eden hotel cát bà,11,1730,0.64%,8.61
trung tâm du lịch cầu treo buôn đôn,11,1649,0.67%,10.26
rock mila phu quoc hotel,11,1349,0.82%,7.66
suối hồ điệp,11,1262,0.87%,6.36
homestay đồng văn hà giang,11,1209,0.91%,7.89
nhà nghỉ gần hồ hoàn kiếm giá rẻ,11,1112,0.99%,8.21
khách sạn ngũ hành sơn đà nẵng,11,1037,1.06%,7.32
havana tam cốc ninh bình,11,957,1.15%,5.29
nhà thờ nghĩa hưng,11,919,1.2%,6.31
khách sạn jayden hạ long,11,861,1.28%,8.11
ảnh nhà thờ đức bà,11,847,1.3%,1.13
khách sạn bien xanh hai tien,11,842,1.31%,9.12
công viên an hoà kiên giang,11,774,1.42%,7.21
sapphire villa,11,760,1.45%,9.02
genuss hotel tam đảo,11,747,1.47%,8.31
khách sạn ở tràng an ninh bình,11,699,1.57%,7.26
khách sạn giá rẻ phố cổ hà nội,11,649,1.69%,4.26
hồng mai boss hotel nha trang,11,640,1.72%,5.52
địa chỉ báo hà nội mới,11,636,1.73%,3.33
giá về chuồn chuồn nghĩa lộ,11,501,2.2%,3.43
7 kỳ quan thế giới long an,11,463,2.38%,5.81
khách sạn gần sân bay tsn,11,455,2.42%,8.1
tour hải phòng,11,451,2.44%,10.75
khu nghỉ dưỡng quốc oai,11,438,2.51%,14.52
khách sạn lepont minh châu,11,402,2.74%,6.06
quỳnh hoa hotel tam đảo,11,400,2.75%,4.95
tiệc công đồng bắc lệ,11,399,2.76%,4.29
the may garden yên bài,11,378,2.91%,6.94
tràng an eco homestay,11,369,2.98%,5.44
khach san gan san bay tan son nhat tphcm,11,363,3.03%,8.44
khách sạn phố cầu gỗ hà nội,11,362,3.04%,5.09
giá vé yên tử 2025,11,352,3.12%,6.66
hình ảnh của river park hotel,11,311,3.54%,5.57
khách sạn lộc ninh bình phước,11,310,3.55%,8.15
bloom boutique hotel quảng bình,11,302,3.64%,5.79
khách sạn trần thái tông,11,299,3.68%,5.35
resort nam định,11,293,3.75%,9.37
khách sạn gần sân bay tân sơn nhất tốt,11,265,4.15%,5.82
review khách sạn cửa lò,11,261,4.21%,8.2
khách sạn 4 sao gần hồ hoàn kiếm hà nội,11,255,4.31%,3.21
hình ảnh của sea front hotel,11,254,4.33%,4.51
tour tam đảo 2 ngày 1 đêm,11,240,4.58%,9
sun plaza sapa booking,11,236,4.66%,7.4
minad hoà bình,11,222,4.95%,5.04
nhà nghỉ ở tràng an ninh bình,11,212,5.19%,5.77
khách sạn khu vực sân bay tân sơn nhất,11,201,5.47%,6.75
moon hotel hạ long,11,200,5.5%,6.76
các chùa nổi tiếng ở vĩnh long,11,198,5.56%,3.99
khách sạn mộc sa mộc châu,11,187,5.88%,4.46
tour du lịch sơn la,11,187,5.88%,5.1
khách sạn sunshine hạ long,11,164,6.71%,3.65
resort biển nhật lệ,11,161,6.83%,9.2
gạo homestay tam đảo,11,158,6.96%,5.47
silver coast hotel hạ long,11,156,7.05%,3.47
villa tam đảo 4 phòng ngủ,11,156,7.05%,7.13
hình ảnh của nhà nghỉ dưỡng 368,11,145,7.59%,3.17
"khu du lịch sinh thái nghi sơn, tĩnh gia",11,137,8.03%,4.98
hồ bán nguyệt hưng yên nằm ở đâu,11,132,8.33%,3.02
khách sạn thành lợi hải tiến,11,128,8.59%,5.16
chùa lớn ở bình định,11,126,8.73%,3.21
hình ảnh của khách sạn thiên cầm xanh,11,125,8.8%,1.98
khách sạn ở cao nguyên vân hòa,11,122,9.02%,3.62
khách sạn lê văn lương hà nội,11,94,11.7%,4.12
freedom island retreat,11,93,11.83%,3.71
các homestay ở đồng văn hà giang,11,92,11.96%,5.88
đèo chuối madagui,11,84,13.1%,2.93
19c hoàng diệu hà nội,11,76,14.47%,2.58
các điểm tham quan tại bình liêu,11,64,17.19%,1.98
tắm suối ở huế,11,61,18.03%,2.98
chùa đẹp ở bình định,11,53,20.75%,1.98
ks long thành 3,11,45,24.44%,3.16
bến nhà rồng,10,25214,0.04%,7.34
ibis styles vũng tàu,10,5169,0.19%,13.75
yes hotel đà nẵng,10,4394,0.23%,10.37
đèo thung khe,10,4179,0.24%,5.03
golden era vũng tàu,10,3681,0.27%,11.45
swan hotel,10,2808,0.36%,10.01
đồi cỏ thơm,10,2451,0.41%,10.35
khách sạn 5 sao sài gòn,10,2161,0.46%,16.43
mường hoa view hotel,10,2109,0.47%,10.49
khách sạn gần chợ đêm đà lạt,10,2039,0.49%,11.58
hà sơn,10,1926,0.52%,6.93
khách sạn phoenix minh châu,10,1789,0.56%,9.79
quy nhon resorts,10,1653,0.6%,29.48
select hotel hạ long,10,1589,0.63%,9.04
o'chen villa,10,1559,0.64%,9.76
cồn mỹ phước,10,1535,0.65%,10.87
khách sạn hà nội giá rẻ,10,1471,0.68%,9.84
khách sạn hồng lan đà lạt,10,1456,0.69%,7.7
vé cáp treo fansipan 2 chiều,10,1416,0.71%,5.48
khách sạn tam đảo,10,1360,0.74%,24.66
swan hotel sapa,10,1324,0.76%,6.39
thung mây,10,1222,0.82%,9.14
khách sạn ở ninh bình,10,1177,0.85%,13.94
tulip garden bảo lộc,10,1153,0.87%,8.23
diamond beach hotel đà nẵng,10,1075,0.93%,9.44
hth ruby sầm sơn,10,1048,0.95%,10.89
sapa wings hotel,10,956,1.05%,10.78
khách sạn bảo nam cửa lò,10,955,1.05%,8.99
la paloma hotel ninh binh,10,953,1.05%,9.99
mường thanh nha trang địa chỉ,10,952,1.05%,6.66
nhà nghỉ gần lăng bác,10,945,1.06%,8.01
hình ảnh của ba thật resort,10,944,1.06%,5.07
giá phòng ở sun plaza sapa,10,911,1.1%,9.71
công đồng bắc lệ thờ ai,10,879,1.14%,7.76
biển cà ná cách tphcm bao nhiều km,10,846,1.18%,6.95
bài đánh giá về sunmay villa tam đảo,10,825,1.21%,5.71
khách sạn hoa viên,10,813,1.23%,7.04
tòa soạn báo hà nội mới ở đâu,10,768,1.3%,2.26
khách sạn royal ninh bình,10,736,1.36%,8.03
tuấn vũ cô tô,10,692,1.45%,8.5
du lịch hải phòng,10,692,1.45%,18.67
khách sạn quận tân bình gần sân bay,10,687,1.46%,7.48
khách sạn gần sân bay tân sơn nhất sài gòn,10,679,1.47%,9.09
bãi kinh bình hưng,10,641,1.56%,10.8
khách sạn giá rẻ hà nội gần hồ hoàn kiếm,10,615,1.63%,8.29
tour kỳ co eo gió 350k,10,587,1.7%,8.06
khách sạn thanh bình quận 7,10,569,1.76%,8.31
sunny hotel cao bằng,10,543,1.84%,9.93
khách sạn phố cổ hà nội 3 sao,10,535,1.87%,10.16
cột cờ lý sơn,10,534,1.87%,7.96
khách sạn giá rẻ ở quận 1,10,527,1.9%,6.24
thành công hotel,10,521,1.92%,6.18
tour địa đạo củ chi,10,519,1.93%,9.39
thông tin về văn miếu quốc tử giám,10,482,2.07%,9.82
sun hotel mộc châu,10,470,2.13%,5.87
paradise sóc sơn resort,10,460,2.17%,7.27
suối tre huế,10,443,2.26%,5.92
khách sạn sao phương bắc sapa,10,387,2.58%,7.61
hải âu hostel trà cổ,10,385,2.6%,6.56
khách sạn sailing tower hà tĩnh,10,360,2.78%,7.16
halo retreat hòa bình,10,356,2.81%,6.31
nhà khách hà an hà giang,10,354,2.82%,7.23
leah silk hotel,10,337,2.97%,15.16
tour tà xùa,10,319,3.13%,19.04
khách sạn sun mộc châu,10,318,3.14%,6.52
khách sạn t26 lăng cô,10,314,3.18%,6.17
khách sạn ở lò sũ,10,311,3.22%,2.56
hình ảnh của tuấn vũ hotel,10,301,3.32%,5.28
tour du lịch quảng nam 2 ngày 1 đêm,10,288,3.47%,7.62
tháp tang bồng,10,287,3.48%,2.6
hình ảnh của 90s homestay tam đảo,10,276,3.62%,4.71
khách sạn phố cầu gỗ,10,260,3.85%,3.52
villa tam đảo 3 phòng ngủ,10,255,3.92%,6.92
ruộng bậc thang pù luông,10,249,4.02%,2.15
khách sạn 4 sao trung tâm hà nội,10,249,4.02%,7.15
21 châu long,10,240,4.17%,2.16
suối hà nam,10,218,4.59%,8.13
du lịch mẫu sơn 2 ngày 1 đêm,10,213,4.69%,6.13
khách sạn nha trang có bãi biển riêng,10,203,4.93%,6.94
villa đồng chanh,10,200,5%,7.62
những địa điểm đẹp ở thành phố vinh,10,196,5.1%,6.21
crab house hòa bình,10,188,5.32%,6.93
khách sạn 3 sao ở quan lạn,10,188,5.32%,8.51
hình ảnh khu du lịch bửu long,10,187,5.35%,1.69
đền thờ trạng quỳnh,10,185,5.41%,5.03
chuồn chuồn homestay tam đảo,10,176,5.68%,5.14
resort ở tây ninh,10,160,6.25%,9.08
nhà nghỉ t26 lăng cô,10,154,6.49%,6.36
lê chân hải phòng có gì,10,134,7.46%,4.2
khách sạn có bãi biển riêng ở nha trang,10,134,7.46%,6.93
melody retreat hòa bình review,10,131,7.63%,6.11
giá villa tam đảo,10,120,8.33%,5.5
địa chỉ làng lụa vạn phúc hà đông,10,113,8.85%,3.68
cửa khẩu tam thanh lạng sơn,10,100,10%,3.49
khu nghỉ dưỡng ở hưng yên,10,99,10.1%,3.18
resort long biên,10,99,10.1%,8.26
đèo chuối lâm đồng,10,92,10.87%,1.96
19 c hoàng diệu,10,91,10.99%,2.1