keyword,vol
khách sạn hà nội đi tam đảo,150
homestay hà nội đi tam đảo,150
hướng dẫn du lịch tam đảo chi tiết,200
các địa điểm du lịch tam đảo rẻ,250
kinh nghiệm lịch trình du lịch tam đảo 3 ngày 2 đêm,300
tour du lịch tam đảo vĩnh phúc,400
xe limousine tam đảo khứ hồi,200
cách di chuyển đi tam đảo bằng xe khách,150
địa điểm check in sống ảo tam đảo,500
nhà hàng buffet nổi tiếng tam đảo,300
tour du lịch hà nội tam đảo 2 ngày 1 đêm,600
khách sạn đẹp tam đảo,300
homestay tam đảo giá rẻ,400
resort tam đảo nghỉ dưỡng,200
xe taxi đi tam đảo,150
thuê xe máy tam đảo,300
đặt phòng khách sạn tam đảo,500
booking homestay tam đảo,200
kinh nghiệm đặt phòng tam đảo,300
địa điểm ăn ngon tam đảo,400
quán cà phê đẹp tam đảo,250
kinh nghiệm đi phượt xe máy tam đảo,200
đặt vé xe đi tam đảo,150
tour du lịch thiền viện trúc lâm tây thiên,300
du lịch leo núi tam đảo,150
khách sạn 5 sao tam đảo,400
kinh nghiệm du lịch bụi tam đảo,250
địa điểm du lịch mới tam đảo,300
du lịch tam đảo 2 ngày 1 đêm tự túc,150
review resort tam đảo,200
homestay tam đảo có hồ bơi,300
thuê xe limousine hà nội tam đảo,250
nhà hàng nổi tiếng tam đảo,150
hotel tam đảo sạch sẽ,200
khách sạn venus tam đảo giá rẻ,150
vé xe giường nằm đi tam đảo,100
du lịch thác bạc tam đảo,150
địa điểm phượt tam đảo bằng xe máy,200
tour ghép hà nội tam đảo,150
xe bus đi tam đảo rẻ nhất,100
quán cà phê check in tam đảo,250
kinh nghiệm du lịch tam đảo 2024,350
đặt vé xe limosine tam đảo,150
