keyword,cluster,cluster_type,geo_scope,intent,vol,imp,clicks,ctr,kd_comp,source,action_plan,group,score,yoy,bid_high
thạnh phú,Biển Thạnh Phú - Cồn Bửng,Địa danh tham quan / Văn hóa - Lịch sử,In-scope Bến Tre,Informational,33100,N/A,N/A,N/A,Low (0),data/seo_insider/advance_search_report.csv,Viết guide/review; ưu tiên long-tail; tạo topic hub và internal link về trang dịch vụ,B,33100.0,N/A,N/A
du lịch biển thạnh phú,Biển Thạnh Phú - Cồn Bửng,Địa danh tham quan / Văn hóa - Lịch sử,In-scope Bến Tre,Informational,6600,N/A,N/A,N/A,Low (0),data/seo_insider/advance_search_report.csv,Viết guide/review; ưu tiên long-tail; tạo topic hub và internal link về trang dịch vụ,B,6600.0,N/A,N/A
tour cần thơ bến tre,Cần Thơ Trip,Di chuyển,Out-of-scope Cần Thơ,Commercial Investigation,50,N/A,N/A,N/A,Planner (Cao),data/google_planner/ben-tre/Keyword Stats 2026-02-23 at 11_23_00.csv,Viết bài top-list/so sánh; map vào cluster hub; bổ sung schema + ảnh/UGC,B,55.00000000000001,0%,"6,910"
tour cần thơ bến tre 1 ngày,Cần Thơ Trip,Di chuyển,Out-of-scope Cần Thơ,Transaction,50,N/A,N/A,N/A,Planner (Cao),data/google_planner/ben-tre/Keyword Stats 2026-02-23 at 11_23_00.csv,"Tạo landing chuyển đổi (giá/vé/đặt chỗ), gom vào cluster page + build backlink nội bộ",B,55.00000000000001,0%,"8,743"
tour bến tre cần thơ 2 ngày 1 đêm,Cần Thơ Trip,Di chuyển,Out-of-scope Cần Thơ,Transaction,50,N/A,N/A,N/A,Planner (Trung bình),data/google_planner/ben-tre/Keyword Stats 2026-02-23 at 11_23_00.csv,"Tạo landing chuyển đổi (giá/vé/đặt chỗ), gom vào cluster page + build backlink nội bộ",B,50.0,0%,0
du lịch cồn phụng bến tre,Cồn Phụng,Địa danh tham quan / Văn hóa - Lịch sử,In-scope Bến Tre,Informational,5000,N/A,N/A,N/A,Planner (Thấp),data/google_planner/ben-tre/Keyword Stats 2026-02-23 at 11_23_00.csv,Viết guide/review; ưu tiên long-tail; tạo topic hub và internal link về trang dịch vụ,B,5500.0,0%,"16,786"
cồn phụng tân thạch châu thành bến tre,Cồn Phụng,Địa danh tham quan / Văn hóa - Lịch sử,In-scope Bến Tre,Informational,500,N/A,N/A,N/A,Planner (Thấp),data/google_planner/ben-tre/Keyword Stats 2026-02-23 at 11_23_00.csv,Viết guide/review; ưu tiên long-tail; tạo topic hub và internal link về trang dịch vụ,B,500.0,0%,0
du lịch cồn phụng bến tre tự túc,Cồn Phụng,Địa danh tham quan / Văn hóa - Lịch sử,In-scope Bến Tre,Informational,50,N/A,N/A,N/A,Planner (Trung bình),data/google_planner/ben-tre/Keyword Stats 2026-02-23 at 11_23_00.csv,Viết guide/review; ưu tiên long-tail; tạo topic hub và internal link về trang dịch vụ,B,55.00000000000001,0%,"10,593"
khu du lịch cồn phụng ở bến tre,Cồn Phụng,Địa danh tham quan / Văn hóa - Lịch sử,In-scope Bến Tre,Informational,50,N/A,N/A,N/A,Planner (Trung bình),data/google_planner/ben-tre/Keyword Stats 2026-02-23 at 11_23_00.csv,Viết guide/review; ưu tiên long-tail; tạo topic hub và internal link về trang dịch vụ,B,55.00000000000001,0%,"10,854"
khu du lịch còn phụng bến tre,Cồn Phụng,Địa danh tham quan / Văn hóa - Lịch sử,In-scope Bến Tre,Informational,50,N/A,N/A,N/A,Planner (Không xác định),data/google_planner/ben-tre/Keyword Stats 2026-02-23 at 11_23_00.csv,Viết guide/review; ưu tiên long-tail; tạo topic hub và internal link về trang dịch vụ,B,50.0,-100.0%,0
du lịch cồn phụng bến tre 1 ngày,Cồn Phụng,Địa danh tham quan / Văn hóa - Lịch sử,In-scope Bến Tre,Informational,50,N/A,N/A,N/A,Planner (Không xác định),data/google_planner/ben-tre/Keyword Stats 2026-02-23 at 11_23_00.csv,Viết guide/review; ưu tiên long-tail; tạo topic hub và internal link về trang dịch vụ,B,50.0,-100.0%,0
giá vé du lịch cồn phụng bến tre,Cồn Phụng,Địa danh tham quan / Văn hóa - Lịch sử,In-scope Bến Tre,Transaction,50,N/A,N/A,N/A,Planner (Trung bình),data/google_planner/ben-tre/Keyword Stats 2026-02-23 at 11_23_00.csv,"Tạo landing chuyển đổi (giá/vé/đặt chỗ), gom vào cluster page + build backlink nội bộ",B,50.0,0%,0
khu du lịch cồn quy bến tre,Cồn Quy,Địa danh tham quan / Văn hóa - Lịch sử,In-scope Bến Tre,Informational,50,N/A,N/A,N/A,Planner (Thấp),data/google_planner/ben-tre/Keyword Stats 2026-02-23 at 11_23_00.csv,Viết guide/review; ưu tiên long-tail; tạo topic hub và internal link về trang dịch vụ,B,50.0,0%,0
cồn thới sơn bến tre,Cồn Thới Sơn,Địa danh tham quan / Văn hóa - Lịch sử,In-scope Bến Tre,Informational,50,N/A,N/A,N/A,Planner (Thấp),data/google_planner/ben-tre/Keyword Stats 2026-02-23 at 11_23_00.csv,Viết guide/review; ưu tiên long-tail; tạo topic hub và internal link về trang dịch vụ,B,55.00000000000001,0%,"7,686"
tour du lich bến tre,Di chuyển Bến Tre,Di chuyển,In-scope Bến Tre,Commercial Investigation,50,N/A,N/A,N/A,Planner (Trung bình),data/google_planner/ben-tre/Keyword Stats 2026-02-23 at 11_23_00.csv,Viết bài top-list/so sánh; map vào cluster hub; bổ sung schema + ảnh/UGC,B,55.00000000000001,0%,"13,145"
tour ben tre 1 ngay,Di chuyển Bến Tre,Di chuyển,In-scope Bến Tre,Transaction,50,N/A,N/A,N/A,Planner (Cao),data/google_planner/ben-tre/Keyword Stats 2026-02-23 at 11_23_00.csv,"Tạo landing chuyển đổi (giá/vé/đặt chỗ), gom vào cluster page + build backlink nội bộ",B,55.00000000000001,0%,"15,481"
tour ben tre,Di chuyển Bến Tre,Di chuyển,In-scope Bến Tre,Commercial Investigation,50,N/A,N/A,N/A,Planner (Cao),data/google_planner/ben-tre/Keyword Stats 2026-02-23 at 11_23_00.csv,Viết bài top-list/so sánh; map vào cluster hub; bổ sung schema + ảnh/UGC,B,55.00000000000001,0%,"19,477"
tour du lịch bến tre 1 ngày,Di chuyển Bến Tre,Di chuyển,In-scope Bến Tre,Transaction,50,N/A,N/A,N/A,Planner (Cao),data/google_planner/ben-tre/Keyword Stats 2026-02-23 at 11_23_00.csv,"Tạo landing chuyển đổi (giá/vé/đặt chỗ), gom vào cluster page + build backlink nội bộ",B,55.00000000000001,0%,"22,074"
tour bến tre 2 ngày 1 đêm,Di chuyển Bến Tre,Di chuyển,In-scope Bến Tre,Transaction,50,N/A,N/A,N/A,Planner (Cao),data/google_planner/ben-tre/Keyword Stats 2026-02-23 at 11_23_00.csv,"Tạo landing chuyển đổi (giá/vé/đặt chỗ), gom vào cluster page + build backlink nội bộ",B,55.00000000000001,0%,"11,723"
tour du lịch cồn phụng bến tre 1 ngày,Di chuyển Bến Tre,Di chuyển,In-scope Bến Tre,Transaction,50,N/A,N/A,N/A,Planner (Cao),data/google_planner/ben-tre/Keyword Stats 2026-02-23 at 11_23_00.csv,"Tạo landing chuyển đổi (giá/vé/đặt chỗ), gom vào cluster page + build backlink nội bộ",B,55.00000000000001,0%,"16,746"
tour du lịch bến tre 2 ngày 1 đêm,Di chuyển Bến Tre,Di chuyển,In-scope Bến Tre,Transaction,50,N/A,N/A,N/A,Planner (Cao),data/google_planner/ben-tre/Keyword Stats 2026-02-23 at 11_23_00.csv,"Tạo landing chuyển đổi (giá/vé/đặt chỗ), gom vào cluster page + build backlink nội bộ",B,55.00000000000001,0%,"8,553"
tour du lịch 4 cồn bến tre,Di chuyển Bến Tre,Di chuyển,In-scope Bến Tre,Commercial Investigation,50,N/A,N/A,N/A,Planner (Trung bình),data/google_planner/ben-tre/Keyword Stats 2026-02-23 at 11_23_00.csv,Viết bài top-list/so sánh; map vào cluster hub; bổ sung schema + ảnh/UGC,B,55.00000000000001,0%,"10,603"
tour 1 ngày bến tre,Di chuyển Bến Tre,Di chuyển,In-scope Bến Tre,Transaction,50,N/A,N/A,N/A,Planner (Cao),data/google_planner/ben-tre/Keyword Stats 2026-02-23 at 11_23_00.csv,"Tạo landing chuyển đổi (giá/vé/đặt chỗ), gom vào cluster page + build backlink nội bộ",B,55.00000000000001,0%,"9,457"
tour bến tre 1 ngày giá rẻ,Di chuyển Bến Tre,Di chuyển,In-scope Bến Tre,Transaction,50,N/A,N/A,N/A,Planner (Cao),data/google_planner/ben-tre/Keyword Stats 2026-02-23 at 11_23_00.csv,"Tạo landing chuyển đổi (giá/vé/đặt chỗ), gom vào cluster page + build backlink nội bộ",B,55.00000000000001,0%,"15,514"
tour bến tre 2 ngày,Di chuyển Bến Tre,Di chuyển,In-scope Bến Tre,Transaction,50,N/A,N/A,N/A,Planner (Cao),data/google_planner/ben-tre/Keyword Stats 2026-02-23 at 11_23_00.csv,"Tạo landing chuyển đổi (giá/vé/đặt chỗ), gom vào cluster page + build backlink nội bộ",B,55.00000000000001,0%,"7,600"
tour bến tre trong ngày,Di chuyển Bến Tre,Di chuyển,In-scope Bến Tre,Commercial Investigation,50,N/A,N/A,N/A,Planner (Cao),data/google_planner/ben-tre/Keyword Stats 2026-02-23 at 11_23_00.csv,Viết bài top-list/so sánh; map vào cluster hub; bổ sung schema + ảnh/UGC,B,55.00000000000001,0%,"26,329"
tour du lịch cồn phụng bến tre,Di chuyển Bến Tre,Di chuyển,In-scope Bến Tre,Commercial Investigation,50,N/A,N/A,N/A,Planner (Thấp),data/google_planner/ben-tre/Keyword Stats 2026-02-23 at 11_23_00.csv,Viết bài top-list/so sánh; map vào cluster hub; bổ sung schema + ảnh/UGC,B,55.00000000000001,0%,"25,288"
tour du lịch khởi hành từ bến tre,Di chuyển Bến Tre,Di chuyển,In-scope Bến Tre,Commercial Investigation,50,N/A,N/A,N/A,Planner (Thấp),data/google_planner/ben-tre/Keyword Stats 2026-02-23 at 11_23_00.csv,Viết bài top-list/so sánh; map vào cluster hub; bổ sung schema + ảnh/UGC,B,55.00000000000001,0%,"6,913"
tour lan vương bến tre 1 ngày,Di chuyển Bến Tre,Di chuyển,In-scope Bến Tre,Transaction,50,N/A,N/A,N/A,Planner (Trung bình),data/google_planner/ben-tre/Keyword Stats 2026-02-23 at 11_23_00.csv,"Tạo landing chuyển đổi (giá/vé/đặt chỗ), gom vào cluster page + build backlink nội bộ",B,55.00000000000001,0%,"6,065"
tour miền tây 1 ngày bến tre,Di chuyển Bến Tre,Di chuyển,In-scope Bến Tre,Transaction,50,N/A,N/A,N/A,Planner (Cao),data/google_planner/ben-tre/Keyword Stats 2026-02-23 at 11_23_00.csv,"Tạo landing chuyển đổi (giá/vé/đặt chỗ), gom vào cluster page + build backlink nội bộ",B,55.00000000000001,0%,"34,740"
tour 4 cồn bến tre,Di chuyển Bến Tre,Di chuyển,In-scope Bến Tre,Commercial Investigation,50,N/A,N/A,N/A,Planner (Cao),data/google_planner/ben-tre/Keyword Stats 2026-02-23 at 11_23_00.csv,Viết bài top-list/so sánh; map vào cluster hub; bổ sung schema + ảnh/UGC,B,50.0,0%,0
tour du lịch bến tre trong ngày,Di chuyển Bến Tre,Di chuyển,In-scope Bến Tre,Commercial Investigation,50,N/A,N/A,N/A,Planner (Cao),data/google_planner/ben-tre/Keyword Stats 2026-02-23 at 11_23_00.csv,Viết bài top-list/so sánh; map vào cluster hub; bổ sung schema + ảnh/UGC,B,50.0,0%,0
tour du lịch lan vương bến tre,Di chuyển Bến Tre,Di chuyển,In-scope Bến Tre,Commercial Investigation,50,N/A,N/A,N/A,Planner (Thấp),data/google_planner/ben-tre/Keyword Stats 2026-02-23 at 11_23_00.csv,Viết bài top-list/so sánh; map vào cluster hub; bổ sung schema + ảnh/UGC,B,50.0,0%,0
tour du lịch thiện nhân bến tre,Di chuyển Bến Tre,Di chuyển,In-scope Bến Tre,Commercial Investigation,50,N/A,N/A,N/A,Planner (Thấp),data/google_planner/ben-tre/Keyword Stats 2026-02-23 at 11_23_00.csv,Viết bài top-list/so sánh; map vào cluster hub; bổ sung schema + ảnh/UGC,B,50.0,0%,0
green homestay bến tre,Homestay Bến Tre,Lưu trú,In-scope Bến Tre,Commercial Investigation,N/A,762,26,3.41%,N/A (N/A),data/google_search_console/Queries.csv,"Refresh bài top-list, thêm bảng so sánh + schema FAQ/Review; tối ưu title để tăng CTR",A,26.0,N/A,N/A
khu du lịch lan vương bên tre,Khu du lịch Lan Vương,Địa danh tham quan / Văn hóa - Lịch sử,In-scope Bến Tre,Informational,50,N/A,N/A,N/A,Planner (Thấp),data/google_planner/ben-tre/Keyword Stats 2026-02-23 at 11_23_00.csv,Viết guide/review; ưu tiên long-tail; tạo topic hub và internal link về trang dịch vụ,B,50.0,0%,0
lan vuong ben tre,Khu du lịch Lan Vương,Địa danh tham quan / Văn hóa - Lịch sử,In-scope Bến Tre,Informational,50,N/A,N/A,N/A,Planner (Thấp),data/google_planner/ben-tre/Keyword Stats 2026-02-23 at 11_23_00.csv,Viết guide/review; ưu tiên long-tail; tạo topic hub và internal link về trang dịch vụ,B,50.0,0%,0
khu du lịch bến tre lan vương,Khu du lịch Lan Vương,Địa danh tham quan / Văn hóa - Lịch sử,In-scope Bến Tre,Informational,50,N/A,N/A,N/A,Planner (Thấp),data/google_planner/ben-tre/Keyword Stats 2026-02-23 at 11_23_00.csv,Viết guide/review; ưu tiên long-tail; tạo topic hub và internal link về trang dịch vụ,B,50.0,0%,0
bến tre khu du lịch lan vương,Khu du lịch Lan Vương,Địa danh tham quan / Văn hóa - Lịch sử,In-scope Bến Tre,Informational,50,N/A,N/A,N/A,Planner (Thấp),data/google_planner/ben-tre/Keyword Stats 2026-02-23 at 11_23_00.csv,Viết guide/review; ưu tiên long-tail; tạo topic hub và internal link về trang dịch vụ,B,50.0,0%,0
bến tre lan vương,Khu du lịch Lan Vương,Địa danh tham quan / Văn hóa - Lịch sử,In-scope Bến Tre,Informational,50,N/A,N/A,N/A,Planner (Thấp),data/google_planner/ben-tre/Keyword Stats 2026-02-23 at 11_23_00.csv,Viết guide/review; ưu tiên long-tail; tạo topic hub và internal link về trang dịch vụ,B,50.0,0%,0
du lịch lan vương bến tre,Khu du lịch Lan Vương,Địa danh tham quan / Văn hóa - Lịch sử,In-scope Bến Tre,Informational,50,N/A,N/A,N/A,Planner (Thấp),data/google_planner/ben-tre/Keyword Stats 2026-02-23 at 11_23_00.csv,Viết guide/review; ưu tiên long-tail; tạo topic hub và internal link về trang dịch vụ,B,50.0,0%,0
du lịch bến tre lan vuong,Khu du lịch Lan Vương,Địa danh tham quan / Văn hóa - Lịch sử,In-scope Bến Tre,Informational,50,N/A,N/A,N/A,Planner (Thấp),data/google_planner/ben-tre/Keyword Stats 2026-02-23 at 11_23_00.csv,Viết guide/review; ưu tiên long-tail; tạo topic hub và internal link về trang dịch vụ,B,50.0,0%,0
du lịch sinh thái bến tre lan vương,Khu du lịch Lan Vương,Địa danh tham quan / Văn hóa - Lịch sử,In-scope Bến Tre,Informational,50,N/A,N/A,N/A,Planner (Thấp),data/google_planner/ben-tre/Keyword Stats 2026-02-23 at 11_23_00.csv,Viết guide/review; ưu tiên long-tail; tạo topic hub và internal link về trang dịch vụ,B,50.0,0%,0
giá khu du lịch lan vương bến tre,Khu du lịch Lan Vương,Địa danh tham quan / Văn hóa - Lịch sử,In-scope Bến Tre,Transaction,50,N/A,N/A,N/A,Planner (Không xác định),data/google_planner/ben-tre/Keyword Stats 2026-02-23 at 11_23_00.csv,"Tạo landing chuyển đổi (giá/vé/đặt chỗ), gom vào cluster page + build backlink nội bộ",B,50.0,-100.0%,0
giá vé khu du lịch lan vương bến tre,Khu du lịch Lan Vương,Địa danh tham quan / Văn hóa - Lịch sử,In-scope Bến Tre,Transaction,50,N/A,N/A,N/A,Planner (Thấp),data/google_planner/ben-tre/Keyword Stats 2026-02-23 at 11_23_00.csv,"Tạo landing chuyển đổi (giá/vé/đặt chỗ), gom vào cluster page + build backlink nội bộ",B,50.0,0%,0
giá vé lan vương bến tre,Khu du lịch Lan Vương,Địa danh tham quan / Văn hóa - Lịch sử,In-scope Bến Tre,Transaction,50,N/A,N/A,N/A,Planner (Thấp),data/google_planner/ben-tre/Keyword Stats 2026-02-23 at 11_23_00.csv,"Tạo landing chuyển đổi (giá/vé/đặt chỗ), gom vào cluster page + build backlink nội bộ",B,50.0,0%,0
khi du lịch lan vương bến tre,Khu du lịch Lan Vương,Địa danh tham quan / Văn hóa - Lịch sử,In-scope Bến Tre,Informational,50,N/A,N/A,N/A,Planner (Thấp),data/google_planner/ben-tre/Keyword Stats 2026-02-23 at 11_23_00.csv,Viết guide/review; ưu tiên long-tail; tạo topic hub và internal link về trang dịch vụ,B,50.0,0%,0
khu du lịch lan vương bến tre địa chỉ,Khu du lịch Lan Vương,Địa danh tham quan / Văn hóa - Lịch sử,In-scope Bến Tre,Informational,50,N/A,N/A,N/A,Planner (Thấp),data/google_planner/ben-tre/Keyword Stats 2026-02-23 at 11_23_00.csv,Viết guide/review; ưu tiên long-tail; tạo topic hub và internal link về trang dịch vụ,B,50.0,0%,0
khu du lịch lan vương thành phố bến tre,Khu du lịch Lan Vương,Địa danh tham quan / Văn hóa - Lịch sử,In-scope Bến Tre,Informational,50,N/A,N/A,N/A,Planner (Thấp),data/google_planner/ben-tre/Keyword Stats 2026-02-23 at 11_23_00.csv,Viết guide/review; ưu tiên long-tail; tạo topic hub và internal link về trang dịch vụ,B,50.0,0%,0
khu du lịch lan vương ở bến tre,Khu du lịch Lan Vương,Địa danh tham quan / Văn hóa - Lịch sử,In-scope Bến Tre,Informational,50,N/A,N/A,N/A,Planner (Thấp),data/google_planner/ben-tre/Keyword Stats 2026-02-23 at 11_23_00.csv,Viết guide/review; ưu tiên long-tail; tạo topic hub và internal link về trang dịch vụ,B,50.0,0%,0
khu du lịch sinh thái bến tre lan vương,Khu du lịch Lan Vương,Địa danh tham quan / Văn hóa - Lịch sử,In-scope Bến Tre,Informational,50,N/A,N/A,N/A,Planner (Thấp),data/google_planner/ben-tre/Keyword Stats 2026-02-23 at 11_23_00.csv,Viết guide/review; ưu tiên long-tail; tạo topic hub và internal link về trang dịch vụ,B,50.0,0%,0
khu du lịch ở bến tre lan vương,Khu du lịch Lan Vương,Địa danh tham quan / Văn hóa - Lịch sử,In-scope Bến Tre,Informational,50,N/A,N/A,N/A,Planner (Thấp),data/google_planner/ben-tre/Keyword Stats 2026-02-23 at 11_23_00.csv,Viết guide/review; ưu tiên long-tail; tạo topic hub và internal link về trang dịch vụ,B,50.0,0%,0
khu sinh thái lan vương bến tre,Khu du lịch Lan Vương,Địa danh tham quan / Văn hóa - Lịch sử,In-scope Bến Tre,Informational,50,N/A,N/A,N/A,Planner (Thấp),data/google_planner/ben-tre/Keyword Stats 2026-02-23 at 11_23_00.csv,Viết guide/review; ưu tiên long-tail; tạo topic hub và internal link về trang dịch vụ,B,50.0,0%,0
khu vui chơi lan vương bến tre,Khu du lịch Lan Vương,Địa danh tham quan / Văn hóa - Lịch sử,In-scope Bến Tre,Informational,50,N/A,N/A,N/A,Planner (Thấp),data/google_planner/ben-tre/Keyword Stats 2026-02-23 at 11_23_00.csv,Viết guide/review; ưu tiên long-tail; tạo topic hub và internal link về trang dịch vụ,B,50.0,0%,0
lan vương bến tre địa chỉ,Khu du lịch Lan Vương,Địa danh tham quan / Văn hóa - Lịch sử,In-scope Bến Tre,Informational,50,N/A,N/A,N/A,Planner (Thấp),data/google_planner/ben-tre/Keyword Stats 2026-02-23 at 11_23_00.csv,Viết guide/review; ưu tiên long-tail; tạo topic hub và internal link về trang dịch vụ,B,50.0,0%,0
lan vương ở bến tre,Khu du lịch Lan Vương,Địa danh tham quan / Văn hóa - Lịch sử,In-scope Bến Tre,Informational,50,N/A,N/A,N/A,Planner (Thấp),data/google_planner/ben-tre/Keyword Stats 2026-02-23 at 11_23_00.csv,Viết guide/review; ưu tiên long-tail; tạo topic hub và internal link về trang dịch vụ,B,50.0,0%,0
vé khu du lịch lan vương bến tre,Khu du lịch Lan Vương,Địa danh tham quan / Văn hóa - Lịch sử,In-scope Bến Tre,Commercial Investigation,50,N/A,N/A,N/A,Planner (Thấp),data/google_planner/ben-tre/Keyword Stats 2026-02-23 at 11_23_00.csv,Viết bài top-list/so sánh; map vào cluster hub; bổ sung schema + ảnh/UGC,B,50.0,0%,0
vé vào cổng khu du lịch lan vương bến tre,Khu du lịch Lan Vương,Địa danh tham quan / Văn hóa - Lịch sử,In-scope Bến Tre,Commercial Investigation,50,N/A,N/A,N/A,Planner (Thấp),data/google_planner/ben-tre/Keyword Stats 2026-02-23 at 11_23_00.csv,Viết bài top-list/so sánh; map vào cluster hub; bổ sung schema + ảnh/UGC,B,50.0,0%,0
địa chỉ khu du lịch lan vương bến tre,Khu du lịch Lan Vương,Địa danh tham quan / Văn hóa - Lịch sử,In-scope Bến Tre,Informational,50,N/A,N/A,N/A,Planner (Thấp),data/google_planner/ben-tre/Keyword Stats 2026-02-23 at 11_23_00.csv,Viết guide/review; ưu tiên long-tail; tạo topic hub và internal link về trang dịch vụ,B,50.0,0%,0
làng bè bến tre,Khu du lịch Làng Bè,Địa danh tham quan / Văn hóa - Lịch sử,In-scope Bến Tre,Informational,500,N/A,N/A,N/A,Planner (Thấp),data/google_planner/ben-tre/Keyword Stats 2026-02-23 at 11_23_00.csv,Viết guide/review; ưu tiên long-tail; tạo topic hub và internal link về trang dịch vụ,B,500.0,-90.0%,0
giá vé khu du lịch làng bè bến tre,Khu du lịch Làng Bè,Địa danh tham quan / Văn hóa - Lịch sử,In-scope Bến Tre,Transaction,50,N/A,N/A,N/A,Planner (Thấp),data/google_planner/ben-tre/Keyword Stats 2026-02-23 at 11_23_00.csv,"Tạo landing chuyển đổi (giá/vé/đặt chỗ), gom vào cluster page + build backlink nội bộ",B,50.0,0%,0
giá vé làng bè bến tre,Khu du lịch Làng Bè,Địa danh tham quan / Văn hóa - Lịch sử,In-scope Bến Tre,Transaction,50,N/A,N/A,N/A,Planner (Thấp),data/google_planner/ben-tre/Keyword Stats 2026-02-23 at 11_23_00.csv,"Tạo landing chuyển đổi (giá/vé/đặt chỗ), gom vào cluster page + build backlink nội bộ",B,50.0,0%,0
khu du lịch làng bè bến tre giá vé,Khu du lịch Làng Bè,Địa danh tham quan / Văn hóa - Lịch sử,In-scope Bến Tre,Transaction,50,N/A,N/A,N/A,Planner (Thấp),data/google_planner/ben-tre/Keyword Stats 2026-02-23 at 11_23_00.csv,"Tạo landing chuyển đổi (giá/vé/đặt chỗ), gom vào cluster page + build backlink nội bộ",B,50.0,0%,0
khu du lịch văn lang bến tre,Khu du lịch Làng Bè,Địa danh tham quan / Văn hóa - Lịch sử,In-scope Bến Tre,Informational,50,N/A,N/A,N/A,Planner (Thấp),data/google_planner/ben-tre/Keyword Stats 2026-02-23 at 11_23_00.csv,Viết guide/review; ưu tiên long-tail; tạo topic hub và internal link về trang dịch vụ,B,50.0,0%,0
khách sạn 4 sao bến tre,Khách sạn 4 sao Bến Tre,Lưu trú,In-scope Bến Tre,Commercial Investigation,50,N/A,N/A,N/A,Planner (Trung bình),data/google_planner/ben-tre/Keyword Stats 2026-02-23 at 11_23_00.csv,Viết bài top-list/so sánh; map vào cluster hub; bổ sung schema + ảnh/UGC,B,82.50000000000001,-90.0%,"6,702"
khách sạn 4 sao ở bến tre,Khách sạn 4 sao Bến Tre,Lưu trú,In-scope Bến Tre,Commercial Investigation,50,N/A,N/A,N/A,Planner (Trung bình),data/google_planner/ben-tre/Keyword Stats 2026-02-23 at 11_23_00.csv,Viết bài top-list/so sánh; map vào cluster hub; bổ sung schema + ảnh/UGC,B,82.50000000000001,0%,"3,653"
khach san ben tre 4 sao,Khách sạn 4 sao Bến Tre,Lưu trú,In-scope Bến Tre,Commercial Investigation,50,N/A,N/A,N/A,Planner (Cao),data/google_planner/ben-tre/Keyword Stats 2026-02-23 at 11_23_00.csv,Viết bài top-list/so sánh; map vào cluster hub; bổ sung schema + ảnh/UGC,B,75.0,0%,0
khách sạn 5 sao bến tre,Khách sạn 5 sao Bến Tre,Lưu trú,In-scope Bến Tre,Commercial Investigation,50,N/A,N/A,N/A,Planner (Trung bình),data/google_planner/ben-tre/Keyword Stats 2026-02-23 at 11_23_00.csv,Viết bài top-list/so sánh; map vào cluster hub; bổ sung schema + ảnh/UGC,B,82.50000000000001,0%,"11,066"
khách sạn 5 sao ở bến tre,Khách sạn 5 sao Bến Tre,Lưu trú,In-scope Bến Tre,Commercial Investigation,50,N/A,N/A,N/A,Planner (Trung bình),data/google_planner/ben-tre/Keyword Stats 2026-02-23 at 11_23_00.csv,Viết bài top-list/so sánh; map vào cluster hub; bổ sung schema + ảnh/UGC,B,82.50000000000001,0%,"11,061"
khách sạn bến tre 5 sao,Khách sạn 5 sao Bến Tre,Lưu trú,In-scope Bến Tre,Commercial Investigation,50,N/A,N/A,N/A,Planner (Cao),data/google_planner/ben-tre/Keyword Stats 2026-02-23 at 11_23_00.csv,Viết bài top-list/so sánh; map vào cluster hub; bổ sung schema + ảnh/UGC,B,82.50000000000001,0%,"13,793"
resort 5 sao bến tre,Khách sạn 5 sao Bến Tre,Lưu trú,In-scope Bến Tre,Commercial Investigation,50,N/A,N/A,N/A,Planner (Thấp),data/google_planner/ben-tre/Keyword Stats 2026-02-23 at 11_23_00.csv,Viết bài top-list/so sánh; map vào cluster hub; bổ sung schema + ảnh/UGC,B,82.50000000000001,0%,"2,462"
diamond stars hotel bến tre,Khách sạn Bến Tre,Lưu trú,In-scope Bến Tre,Commercial Investigation,5000,N/A,N/A,N/A,Planner (Thấp),data/google_planner/ben-tre/Keyword Stats 2026-02-23 at 11_23_00.csv,Viết bài top-list/so sánh; map vào cluster hub; bổ sung schema + ảnh/UGC,B,8250.0,0%,"13,820"
khach san ben tre,Khách sạn Bến Tre,Lưu trú,In-scope Bến Tre,Commercial Investigation,500,N/A,N/A,N/A,Planner (Cao),data/google_planner/ben-tre/Keyword Stats 2026-02-23 at 11_23_00.csv,Viết bài top-list/so sánh; map vào cluster hub; bổ sung schema + ảnh/UGC,B,825.0,-90.0%,"15,734"
khách sạn thành phố bến tre,Khách sạn Bến Tre,Lưu trú,In-scope Bến Tre,Commercial Investigation,500,N/A,N/A,N/A,Planner (Trung bình),data/google_planner/ben-tre/Keyword Stats 2026-02-23 at 11_23_00.csv,Viết bài top-list/so sánh; map vào cluster hub; bổ sung schema + ảnh/UGC,B,825.0,-90.0%,"17,384"
khách sạn diamond star bến tre,Khách sạn Bến Tre,Lưu trú,In-scope Bến Tre,Commercial Investigation,500,N/A,N/A,N/A,Planner (Cao),data/google_planner/ben-tre/Keyword Stats 2026-02-23 at 11_23_00.csv,Viết bài top-list/so sánh; map vào cluster hub; bổ sung schema + ảnh/UGC,B,825.0,0%,"12,499"
hotel bến tre,Khách sạn Bến Tre,Lưu trú,In-scope Bến Tre,Commercial Investigation,500,N/A,N/A,N/A,Planner (Trung bình),data/google_planner/ben-tre/Keyword Stats 2026-02-23 at 11_23_00.csv,Viết bài top-list/so sánh; map vào cluster hub; bổ sung schema + ảnh/UGC,B,825.0,0%,"31,598"
la villa de coco bến tre,Khách sạn Bến Tre,Lưu trú,In-scope Bến Tre,Commercial Investigation,500,N/A,N/A,N/A,Planner (Thấp),data/google_planner/ben-tre/Keyword Stats 2026-02-23 at 11_23_00.csv,Viết bài top-list/so sánh; map vào cluster hub; bổ sung schema + ảnh/UGC,B,825.0,0%,"22,440"
khách sạn hoài phú bến tre,Khách sạn Bến Tre,Lưu trú,In-scope Bến Tre,Commercial Investigation,500,N/A,N/A,N/A,Planner (Thấp),data/google_planner/ben-tre/Keyword Stats 2026-02-23 at 11_23_00.csv,Viết bài top-list/so sánh; map vào cluster hub; bổ sung schema + ảnh/UGC,B,825.0,0%,"11,892"
khách sạn hùng vương bến tre,Khách sạn Bến Tre,Lưu trú,In-scope Bến Tre,Commercial Investigation,500,N/A,N/A,N/A,Planner (Trung bình),data/google_planner/ben-tre/Keyword Stats 2026-02-23 at 11_23_00.csv,Viết bài top-list/so sánh; map vào cluster hub; bổ sung schema + ảnh/UGC,B,825.0,0%,"12,639"
khách sạn sao mai bến tre,Khách sạn Bến Tre,Lưu trú,In-scope Bến Tre,Commercial Investigation,500,N/A,N/A,N/A,Planner (Thấp),data/google_planner/ben-tre/Keyword Stats 2026-02-23 at 11_23_00.csv,Viết bài top-list/so sánh; map vào cluster hub; bổ sung schema + ảnh/UGC,B,825.0,0%,"7,164"
khách sạn vietuc bến tre,Khách sạn Bến Tre,Lưu trú,In-scope Bến Tre,Commercial Investigation,500,N/A,N/A,N/A,Planner (Trung bình),data/google_planner/ben-tre/Keyword Stats 2026-02-23 at 11_23_00.csv,Viết bài top-list/so sánh; map vào cluster hub; bổ sung schema + ảnh/UGC,B,825.0,0%,"6,709"
khách sạn hoa dừa bến tre,Khách sạn Bến Tre,Lưu trú,In-scope Bến Tre,Commercial Investigation,500,N/A,N/A,N/A,Planner (Thấp),data/google_planner/ben-tre/Keyword Stats 2026-02-23 at 11_23_00.csv,Viết bài top-list/so sánh; map vào cluster hub; bổ sung schema + ảnh/UGC,B,750.0,-90.0%,0
khách sạn hàm luông hùng vương phường 5 bến tre,Khách sạn Bến Tre,Lưu trú,In-scope Bến Tre,Commercial Investigation,500,N/A,N/A,N/A,Planner (Thấp),data/google_planner/ben-tre/Keyword Stats 2026-02-23 at 11_23_00.csv,Viết bài top-list/so sánh; map vào cluster hub; bổ sung schema + ảnh/UGC,B,750.0,0%,0
khach san o ben tre,Khách sạn Bến Tre,Lưu trú,In-scope Bến Tre,Commercial Investigation,50,N/A,N/A,N/A,Planner (Cao),data/google_planner/ben-tre/Keyword Stats 2026-02-23 at 11_23_00.csv,Viết bài top-list/so sánh; map vào cluster hub; bổ sung schema + ảnh/UGC,B,82.50000000000001,0%,"11,050"
khach san dua ben tre,Khách sạn Bến Tre,Lưu trú,In-scope Bến Tre,Commercial Investigation,50,N/A,N/A,N/A,Planner (Trung bình),data/google_planner/ben-tre/Keyword Stats 2026-02-23 at 11_23_00.csv,Viết bài top-list/so sánh; map vào cluster hub; bổ sung schema + ảnh/UGC,B,82.50000000000001,0%,"11,056"
khách sạn ở thành phố bến tre,Khách sạn Bến Tre,Lưu trú,In-scope Bến Tre,Commercial Investigation,50,N/A,N/A,N/A,Planner (Cao),data/google_planner/ben-tre/Keyword Stats 2026-02-23 at 11_23_00.csv,Viết bài top-list/so sánh; map vào cluster hub; bổ sung schema + ảnh/UGC,B,82.50000000000001,-90.0%,"17,360"
khach san huynh thao ben tre,Khách sạn Bến Tre,Lưu trú,In-scope Bến Tre,Commercial Investigation,50,N/A,N/A,N/A,Planner (Cao),data/google_planner/ben-tre/Keyword Stats 2026-02-23 at 11_23_00.csv,Viết bài top-list/so sánh; map vào cluster hub; bổ sung schema + ảnh/UGC,B,82.50000000000001,0%,"12,182"
khach san tai ben tre,Khách sạn Bến Tre,Lưu trú,In-scope Bến Tre,Commercial Investigation,50,N/A,N/A,N/A,Planner (Cao),data/google_planner/ben-tre/Keyword Stats 2026-02-23 at 11_23_00.csv,Viết bài top-list/so sánh; map vào cluster hub; bổ sung schema + ảnh/UGC,B,82.50000000000001,0%,"7,643"
khách sạn tp bến tre,Khách sạn Bến Tre,Lưu trú,In-scope Bến Tre,Commercial Investigation,50,N/A,N/A,N/A,Planner (Trung bình),data/google_planner/ben-tre/Keyword Stats 2026-02-23 at 11_23_00.csv,Viết bài top-list/so sánh; map vào cluster hub; bổ sung schema + ảnh/UGC,B,82.50000000000001,-90.0%,"19,432"
khach san mekong ben tre,Khách sạn Bến Tre,Lưu trú,In-scope Bến Tre,Commercial Investigation,50,N/A,N/A,N/A,Planner (Trung bình),data/google_planner/ben-tre/Keyword Stats 2026-02-23 at 11_23_00.csv,Viết bài top-list/so sánh; map vào cluster hub; bổ sung schema + ảnh/UGC,B,82.50000000000001,0%,"7,000"
khách sạn ở trung tâm thành phố bến tre,Khách sạn Bến Tre,Lưu trú,In-scope Bến Tre,Commercial Investigation,50,N/A,N/A,N/A,Planner (Cao),data/google_planner/ben-tre/Keyword Stats 2026-02-23 at 11_23_00.csv,Viết bài top-list/so sánh; map vào cluster hub; bổ sung schema + ảnh/UGC,B,82.50000000000001,-90.0%,"7,361"
các khách sạn ở bến tre,Khách sạn Bến Tre,Lưu trú,In-scope Bến Tre,Commercial Investigation,50,N/A,N/A,N/A,Planner (Cao),data/google_planner/ben-tre/Keyword Stats 2026-02-23 at 11_23_00.csv,Viết bài top-list/so sánh; map vào cluster hub; bổ sung schema + ảnh/UGC,B,82.50000000000001,0%,"2,232"
hoài phú hotel bến tre,Khách sạn Bến Tre,Lưu trú,In-scope Bến Tre,Commercial Investigation,50,N/A,N/A,N/A,Planner (Thấp),data/google_planner/ben-tre/Keyword Stats 2026-02-23 at 11_23_00.csv,Viết bài top-list/so sánh; map vào cluster hub; bổ sung schema + ảnh/UGC,B,82.50000000000001,0%,"36,026"
huỳnh thảo hotel bến tre,Khách sạn Bến Tre,Lưu trú,In-scope Bến Tre,Commercial Investigation,50,N/A,N/A,N/A,Planner (Trung bình),data/google_planner/ben-tre/Keyword Stats 2026-02-23 at 11_23_00.csv,Viết bài top-list/so sánh; map vào cluster hub; bổ sung schema + ảnh/UGC,B,82.50000000000001,0%,"6,554"
khách sạn 3 sao bến tre,Khách sạn Bến Tre,Lưu trú,In-scope Bến Tre,Commercial Investigation,50,N/A,N/A,N/A,Planner (Thấp),data/google_planner/ben-tre/Keyword Stats 2026-02-23 at 11_23_00.csv,Viết bài top-list/so sánh; map vào cluster hub; bổ sung schema + ảnh/UGC,B,82.50000000000001,0%,"3,621"
khách sạn bình đại bến tre,Khách sạn Bến Tre,Lưu trú,In-scope Bến Tre,Commercial Investigation,50,N/A,N/A,N/A,Planner (Thấp),data/google_planner/ben-tre/Keyword Stats 2026-02-23 at 11_23_00.csv,Viết bài top-list/so sánh; map vào cluster hub; bổ sung schema + ảnh/UGC,B,82.50000000000001,0%,"5,261"
khách sạn bến tre riverside,Khách sạn Bến Tre,Lưu trú,In-scope Bến Tre,Commercial Investigation,50,N/A,N/A,N/A,Planner (Cao),data/google_planner/ben-tre/Keyword Stats 2026-02-23 at 11_23_00.csv,Viết bài top-list/so sánh; map vào cluster hub; bổ sung schema + ảnh/UGC,B,82.50000000000001,0%,"13,785"
khách sạn châu thành bến tre,Khách sạn Bến Tre,Lưu trú,In-scope Bến Tre,Commercial Investigation,50,N/A,N/A,N/A,Planner (Trung bình),data/google_planner/ben-tre/Keyword Stats 2026-02-23 at 11_23_00.csv,Viết bài top-list/so sánh; map vào cluster hub; bổ sung schema + ảnh/UGC,B,82.50000000000001,0%,"11,056"
khách sạn coconut bến tre,Khách sạn Bến Tre,Lưu trú,In-scope Bến Tre,Commercial Investigation,50,N/A,N/A,N/A,Planner (Trung bình),data/google_planner/ben-tre/Keyword Stats 2026-02-23 at 11_23_00.csv,Viết bài top-list/so sánh; map vào cluster hub; bổ sung schema + ảnh/UGC,B,82.50000000000001,0%,"5,030"
khách sạn công đoàn bến tre,Khách sạn Bến Tre,Lưu trú,In-scope Bến Tre,Commercial Investigation,50,N/A,N/A,N/A,Planner (Thấp),data/google_planner/ben-tre/Keyword Stats 2026-02-23 at 11_23_00.csv,Viết bài top-list/so sánh; map vào cluster hub; bổ sung schema + ảnh/UGC,B,82.50000000000001,0%,"13,442"
khách sạn cửu long bến tre,Khách sạn Bến Tre,Lưu trú,In-scope Bến Tre,Commercial Investigation,50,N/A,N/A,N/A,Planner (Thấp),data/google_planner/ben-tre/Keyword Stats 2026-02-23 at 11_23_00.csv,Viết bài top-list/so sánh; map vào cluster hub; bổ sung schema + ảnh/UGC,B,82.50000000000001,0%,"5,973"
khách sạn dừa ở bến tre,Khách sạn Bến Tre,Lưu trú,In-scope Bến Tre,Commercial Investigation,50,N/A,N/A,N/A,Planner (Trung bình),data/google_planner/ben-tre/Keyword Stats 2026-02-23 at 11_23_00.csv,Viết bài top-list/so sánh; map vào cluster hub; bổ sung schema + ảnh/UGC,B,82.50000000000001,0%,"5,002"
khách sạn gần biển thạnh phú bến tre,Khách sạn Bến Tre,Lưu trú,In-scope Bến Tre,Commercial Investigation,50,N/A,N/A,N/A,Planner (Trung bình),data/google_planner/ben-tre/Keyword Stats 2026-02-23 at 11_23_00.csv,Viết bài top-list/so sánh; map vào cluster hub; bổ sung schema + ảnh/UGC,B,82.50000000000001,0%,"11,063"
khách sạn hàm luông ở bến tre,Khách sạn Bến Tre,Lưu trú,In-scope Bến Tre,Commercial Investigation,50,N/A,N/A,N/A,Planner (Thấp),data/google_planner/ben-tre/Keyword Stats 2026-02-23 at 11_23_00.csv,Viết bài top-list/so sánh; map vào cluster hub; bổ sung schema + ảnh/UGC,B,82.50000000000001,0%,"13,791"
khách sạn hùng long bến tre,Khách sạn Bến Tre,Lưu trú,In-scope Bến Tre,Commercial Investigation,50,N/A,N/A,N/A,Planner (Trung bình),data/google_planner/ben-tre/Keyword Stats 2026-02-23 at 11_23_00.csv,Viết bài top-list/so sánh; map vào cluster hub; bổ sung schema + ảnh/UGC,B,82.50000000000001,0%,"11,078"
khách sạn mê kông bến tre,Khách sạn Bến Tre,Lưu trú,In-scope Bến Tre,Commercial Investigation,50,N/A,N/A,N/A,Planner (Trung bình),data/google_planner/ben-tre/Keyword Stats 2026-02-23 at 11_23_00.csv,Viết bài top-list/so sánh; map vào cluster hub; bổ sung schema + ảnh/UGC,B,82.50000000000001,0%,"11,804"
khách sạn oasis bến tre,Khách sạn Bến Tre,Lưu trú,In-scope Bến Tre,Commercial Investigation,50,N/A,N/A,N/A,Planner (Thấp),data/google_planner/ben-tre/Keyword Stats 2026-02-23 at 11_23_00.csv,Viết bài top-list/so sánh; map vào cluster hub; bổ sung schema + ảnh/UGC,B,82.50000000000001,0%,"7,835"
khách sạn riverside bến tre,Khách sạn Bến Tre,Lưu trú,In-scope Bến Tre,Commercial Investigation,50,N/A,N/A,N/A,Planner (Trung bình),data/google_planner/ben-tre/Keyword Stats 2026-02-23 at 11_23_00.csv,Viết bài top-list/so sánh; map vào cluster hub; bổ sung schema + ảnh/UGC,B,82.50000000000001,0%,"10,588"
khách sạn trung tâm thành phố bến tre,Khách sạn Bến Tre,Lưu trú,In-scope Bến Tre,Commercial Investigation,50,N/A,N/A,N/A,Planner (Cao),data/google_planner/ben-tre/Keyword Stats 2026-02-23 at 11_23_00.csv,Viết bài top-list/so sánh; map vào cluster hub; bổ sung schema + ảnh/UGC,B,82.50000000000001,0%,"12,063"
khách sạn trường thịnh bến tre,Khách sạn Bến Tre,Lưu trú,In-scope Bến Tre,Commercial Investigation,50,N/A,N/A,N/A,Planner (Thấp),data/google_planner/ben-tre/Keyword Stats 2026-02-23 at 11_23_00.csv,Viết bài top-list/so sánh; map vào cluster hub; bổ sung schema + ảnh/UGC,B,82.50000000000001,-90.0%,"7,271"
khách sạn tại thành phố bến tre,Khách sạn Bến Tre,Lưu trú,In-scope Bến Tre,Commercial Investigation,50,N/A,N/A,N/A,Planner (Trung bình),data/google_planner/ben-tre/Keyword Stats 2026-02-23 at 11_23_00.csv,Viết bài top-list/so sánh; map vào cluster hub; bổ sung schema + ảnh/UGC,B,82.50000000000001,0%,"12,898"
khách sạn tại tp bến tre,Khách sạn Bến Tre,Lưu trú,In-scope Bến Tre,Commercial Investigation,50,N/A,N/A,N/A,Planner (Cao),data/google_planner/ben-tre/Keyword Stats 2026-02-23 at 11_23_00.csv,Viết bài top-list/so sánh; map vào cluster hub; bổ sung schema + ảnh/UGC,B,82.50000000000001,0%,"11,134"
khách sạn tốt ở bến tre,Khách sạn Bến Tre,Lưu trú,In-scope Bến Tre,Commercial Investigation,50,N/A,N/A,N/A,Planner (Cao),data/google_planner/ben-tre/Keyword Stats 2026-02-23 at 11_23_00.csv,Viết bài top-list/so sánh; map vào cluster hub; bổ sung schema + ảnh/UGC,B,82.50000000000001,0%,"4,472"
khách sạn đông nam á 2 bến tre,Khách sạn Bến Tre,Lưu trú,In-scope Bến Tre,Commercial Investigation,50,N/A,N/A,N/A,Planner (Trung bình),data/google_planner/ben-tre/Keyword Stats 2026-02-23 at 11_23_00.csv,Viết bài top-list/so sánh; map vào cluster hub; bổ sung schema + ảnh/UGC,B,82.50000000000001,0%,"11,053"
khách sạn đại an bến tre,Khách sạn Bến Tre,Lưu trú,In-scope Bến Tre,Commercial Investigation,50,N/A,N/A,N/A,Planner (Trung bình),data/google_planner/ben-tre/Keyword Stats 2026-02-23 at 11_23_00.csv,Viết bài top-list/so sánh; map vào cluster hub; bổ sung schema + ảnh/UGC,B,82.50000000000001,0%,"11,061"
khách sạn đẹp ở bến tre,Khách sạn Bến Tre,Lưu trú,In-scope Bến Tre,Commercial Investigation,50,N/A,N/A,N/A,Planner (Cao),data/google_planner/ben-tre/Keyword Stats 2026-02-23 at 11_23_00.csv,Viết bài top-list/so sánh; map vào cluster hub; bổ sung schema + ảnh/UGC,B,82.50000000000001,0%,"6,571"
khách sạn đồng khởi bến tre,Khách sạn Bến Tre,Lưu trú,In-scope Bến Tre,Commercial Investigation,50,N/A,N/A,N/A,Planner (Cao),data/google_planner/ben-tre/Keyword Stats 2026-02-23 at 11_23_00.csv,Viết bài top-list/so sánh; map vào cluster hub; bổ sung schema + ảnh/UGC,B,82.50000000000001,0%,"11,062"
khách sạn ở bình đại bến tre,Khách sạn Bến Tre,Lưu trú,In-scope Bến Tre,Commercial Investigation,50,N/A,N/A,N/A,Planner (Trung bình),data/google_planner/ben-tre/Keyword Stats 2026-02-23 at 11_23_00.csv,Viết bài top-list/so sánh; map vào cluster hub; bổ sung schema + ảnh/UGC,B,82.50000000000001,0%,"10,387"
khách sạn ở tp bến tre,Khách sạn Bến Tre,Lưu trú,In-scope Bến Tre,Commercial Investigation,50,N/A,N/A,N/A,Planner (Cao),data/google_planner/ben-tre/Keyword Stats 2026-02-23 at 11_23_00.csv,Viết bài top-list/so sánh; map vào cluster hub; bổ sung schema + ảnh/UGC,B,82.50000000000001,-90.0%,"5,621"
mekong hotel bến tre,Khách sạn Bến Tre,Lưu trú,In-scope Bến Tre,Commercial Investigation,50,N/A,N/A,N/A,Planner (Trung bình),data/google_planner/ben-tre/Keyword Stats 2026-02-23 at 11_23_00.csv,Viết bài top-list/so sánh; map vào cluster hub; bổ sung schema + ảnh/UGC,B,82.50000000000001,0%,"9,753"
việt úc hotel bến tre,Khách sạn Bến Tre,Lưu trú,In-scope Bến Tre,Commercial Investigation,50,N/A,N/A,N/A,Planner (Cao),data/google_planner/ben-tre/Keyword Stats 2026-02-23 at 11_23_00.csv,Viết bài top-list/so sánh; map vào cluster hub; bổ sung schema + ảnh/UGC,B,82.50000000000001,0%,"14,611"
villa bến tre,Khách sạn Bến Tre,Lưu trú,In-scope Bến Tre,Commercial Investigation,50,N/A,N/A,N/A,Planner (Thấp),data/google_planner/ben-tre/Keyword Stats 2026-02-23 at 11_23_00.csv,Viết bài top-list/so sánh; map vào cluster hub; bổ sung schema + ảnh/UGC,B,75.0,0%,0
khách sạn viet uc bến tre,Khách sạn Bến Tre,Lưu trú,In-scope Bến Tre,Commercial Investigation,50,N/A,N/A,N/A,Planner (Cao),data/google_planner/ben-tre/Keyword Stats 2026-02-23 at 11_23_00.csv,Viết bài top-list/so sánh; map vào cluster hub; bổ sung schema + ảnh/UGC,B,75.0,0%,0
khách sạn ham luong bến tre,Khách sạn Bến Tre,Lưu trú,In-scope Bến Tre,Commercial Investigation,50,N/A,N/A,N/A,Planner (Không xác định),data/google_planner/ben-tre/Keyword Stats 2026-02-23 at 11_23_00.csv,Viết bài top-list/so sánh; map vào cluster hub; bổ sung schema + ảnh/UGC,B,75.0,0%,0
coconut hotel bến tre,Khách sạn Bến Tre,Lưu trú,In-scope Bến Tre,Commercial Investigation,50,N/A,N/A,N/A,Planner (Thấp),data/google_planner/ben-tre/Keyword Stats 2026-02-23 at 11_23_00.csv,Viết bài top-list/so sánh; map vào cluster hub; bổ sung schema + ảnh/UGC,B,75.0,0%,0
hàm luông hotel bến tre,Khách sạn Bến Tre,Lưu trú,In-scope Bến Tre,Commercial Investigation,50,N/A,N/A,N/A,Planner (Thấp),data/google_planner/ben-tre/Keyword Stats 2026-02-23 at 11_23_00.csv,Viết bài top-list/so sánh; map vào cluster hub; bổ sung schema + ảnh/UGC,B,75.0,0%,0
khách sạn 2 sao bến tre,Khách sạn Bến Tre,Lưu trú,In-scope Bến Tre,Commercial Investigation,50,N/A,N/A,N/A,Planner (Thấp),data/google_planner/ben-tre/Keyword Stats 2026-02-23 at 11_23_00.csv,Viết bài top-list/so sánh; map vào cluster hub; bổ sung schema + ảnh/UGC,B,75.0,0%,0
khách sạn 33 bình đại bến tre,Khách sạn Bến Tre,Lưu trú,In-scope Bến Tre,Commercial Investigation,50,N/A,N/A,N/A,Planner (Thấp),data/google_planner/ben-tre/Keyword Stats 2026-02-23 at 11_23_00.csv,Viết bài top-list/so sánh; map vào cluster hub; bổ sung schema + ảnh/UGC,B,75.0,0%,0
khách sạn an khánh bến tre,Khách sạn Bến Tre,Lưu trú,In-scope Bến Tre,Commercial Investigation,50,N/A,N/A,N/A,Planner (Thấp),data/google_planner/ben-tre/Keyword Stats 2026-02-23 at 11_23_00.csv,Viết bài top-list/so sánh; map vào cluster hub; bổ sung schema + ảnh/UGC,B,75.0,0%,0
khách sạn biển thạnh phú bến tre,Khách sạn Bến Tre,Lưu trú,In-scope Bến Tre,Commercial Investigation,50,N/A,N/A,N/A,Planner (Trung bình),data/google_planner/ben-tre/Keyword Stats 2026-02-23 at 11_23_00.csv,Viết bài top-list/so sánh; map vào cluster hub; bổ sung schema + ảnh/UGC,B,75.0,0%,0
khách sạn bảo ngân bến tre,Khách sạn Bến Tre,Lưu trú,In-scope Bến Tre,Commercial Investigation,50,N/A,N/A,N/A,Planner (Thấp),data/google_planner/ben-tre/Keyword Stats 2026-02-23 at 11_23_00.csv,Viết bài top-list/so sánh; map vào cluster hub; bổ sung schema + ảnh/UGC,B,75.0,0%,0
khách sạn forever green bến tre,Khách sạn Bến Tre,Lưu trú,In-scope Bến Tre,Commercial Investigation,50,N/A,N/A,N/A,Planner (Thấp),data/google_planner/ben-tre/Keyword Stats 2026-02-23 at 11_23_00.csv,Viết bài top-list/so sánh; map vào cluster hub; bổ sung schema + ảnh/UGC,B,75.0,0%,0
khách sạn galaxy bến tre,Khách sạn Bến Tre,Lưu trú,In-scope Bến Tre,Commercial Investigation,50,N/A,N/A,N/A,Planner (Thấp),data/google_planner/ben-tre/Keyword Stats 2026-02-23 at 11_23_00.csv,Viết bài top-list/so sánh; map vào cluster hub; bổ sung schema + ảnh/UGC,B,75.0,0%,0
khách sạn huỳnh my bến tre,Khách sạn Bến Tre,Lưu trú,In-scope Bến Tre,Commercial Investigation,50,N/A,N/A,N/A,Planner (Thấp),data/google_planner/ben-tre/Keyword Stats 2026-02-23 at 11_23_00.csv,Viết bài top-list/so sánh; map vào cluster hub; bổ sung schema + ảnh/UGC,B,75.0,0%,0
khách sạn hương phúc bến tre,Khách sạn Bến Tre,Lưu trú,In-scope Bến Tre,Commercial Investigation,50,N/A,N/A,N/A,Planner (Thấp),data/google_planner/ben-tre/Keyword Stats 2026-02-23 at 11_23_00.csv,Viết bài top-list/so sánh; map vào cluster hub; bổ sung schema + ảnh/UGC,B,75.0,0%,0
khách sạn hải long bến tre,Khách sạn Bến Tre,Lưu trú,In-scope Bến Tre,Commercial Investigation,50,N/A,N/A,N/A,Planner (Không xác định),data/google_planner/ben-tre/Keyword Stats 2026-02-23 at 11_23_00.csv,Viết bài top-list/so sánh; map vào cluster hub; bổ sung schema + ảnh/UGC,B,75.0,0%,0
khách sạn kim cương bến tre,Khách sạn Bến Tre,Lưu trú,In-scope Bến Tre,Commercial Investigation,50,N/A,N/A,N/A,Planner (Thấp),data/google_planner/ben-tre/Keyword Stats 2026-02-23 at 11_23_00.csv,Viết bài top-list/so sánh; map vào cluster hub; bổ sung schema + ảnh/UGC,B,75.0,0%,0
khách sạn mường thành bến tre,Khách sạn Bến Tre,Lưu trú,In-scope Bến Tre,Commercial Investigation,50,N/A,N/A,N/A,Planner (Không xác định),data/google_planner/ben-tre/Keyword Stats 2026-02-23 at 11_23_00.csv,Viết bài top-list/so sánh; map vào cluster hub; bổ sung schema + ảnh/UGC,B,75.0,0%,0
khách sạn mỹ an bến tre,Khách sạn Bến Tre,Lưu trú,In-scope Bến Tre,Commercial Investigation,50,N/A,N/A,N/A,Planner (Cao),data/google_planner/ben-tre/Keyword Stats 2026-02-23 at 11_23_00.csv,Viết bài top-list/so sánh; map vào cluster hub; bổ sung schema + ảnh/UGC,B,75.0,0%,0
khách sạn quê hương bến tre,Khách sạn Bến Tre,Lưu trú,In-scope Bến Tre,Commercial Investigation,50,N/A,N/A,N/A,Planner (Thấp),data/google_planner/ben-tre/Keyword Stats 2026-02-23 at 11_23_00.csv,Viết bài top-list/so sánh; map vào cluster hub; bổ sung schema + ảnh/UGC,B,75.0,0%,0
khách sạn scott bến tre,Khách sạn Bến Tre,Lưu trú,In-scope Bến Tre,Commercial Investigation,50,N/A,N/A,N/A,Planner (Thấp),data/google_planner/ben-tre/Keyword Stats 2026-02-23 at 11_23_00.csv,Viết bài top-list/so sánh; map vào cluster hub; bổ sung schema + ảnh/UGC,B,75.0,0%,0
khách sạn song nguyễn bến tre,Khách sạn Bến Tre,Lưu trú,In-scope Bến Tre,Commercial Investigation,50,N/A,N/A,N/A,Planner (Trung bình),data/google_planner/ben-tre/Keyword Stats 2026-02-23 at 11_23_00.csv,Viết bài top-list/so sánh; map vào cluster hub; bổ sung schema + ảnh/UGC,B,75.0,0%,0
khách sạn việt úc ở bến tre,Khách sạn Bến Tre,Lưu trú,In-scope Bến Tre,Commercial Investigation,50,N/A,N/A,N/A,Planner (Không xác định),data/google_planner/ben-tre/Keyword Stats 2026-02-23 at 11_23_00.csv,Viết bài top-list/so sánh; map vào cluster hub; bổ sung schema + ảnh/UGC,B,75.0,-100.0%,0
khách sạn vạn ngọc bến tre,Khách sạn Bến Tre,Lưu trú,In-scope Bến Tre,Commercial Investigation,50,N/A,N/A,N/A,Planner (Thấp),data/google_planner/ben-tre/Keyword Stats 2026-02-23 at 11_23_00.csv,Viết bài top-list/so sánh; map vào cluster hub; bổ sung schema + ảnh/UGC,B,75.0,0%,0
khách sạn đại phúc bến tre,Khách sạn Bến Tre,Lưu trú,In-scope Bến Tre,Commercial Investigation,50,N/A,N/A,N/A,Planner (Thấp),data/google_planner/ben-tre/Keyword Stats 2026-02-23 at 11_23_00.csv,Viết bài top-list/so sánh; map vào cluster hub; bổ sung schema + ảnh/UGC,B,75.0,0%,0
mekong hotel & restaurant bến tre,Khách sạn Bến Tre,Lưu trú,In-scope Bến Tre,Commercial Investigation,50,N/A,N/A,N/A,Planner (Thấp),data/google_planner/ben-tre/Keyword Stats 2026-02-23 at 11_23_00.csv,Viết bài top-list/so sánh; map vào cluster hub; bổ sung schema + ảnh/UGC,B,75.0,0%,0
số điện thoại khách sạn hàm luông bến tre,Khách sạn Bến Tre,Lưu trú,In-scope Bến Tre,Commercial Investigation,50,N/A,N/A,N/A,Planner (Thấp),data/google_planner/ben-tre/Keyword Stats 2026-02-23 at 11_23_00.csv,Viết bài top-list/so sánh; map vào cluster hub; bổ sung schema + ảnh/UGC,B,75.0,0%,0
số điện thoại khách sạn việt úc bến tre,Khách sạn Bến Tre,Lưu trú,In-scope Bến Tre,Commercial Investigation,50,N/A,N/A,N/A,Planner (Không xác định),data/google_planner/ben-tre/Keyword Stats 2026-02-23 at 11_23_00.csv,Viết bài top-list/so sánh; map vào cluster hub; bổ sung schema + ảnh/UGC,B,75.0,-100.0%,0
bến tre riverside resort,Resort Bến Tre,Lưu trú,In-scope Bến Tre,Commercial Investigation,5000,N/A,N/A,N/A,Planner (Thấp),data/google_planner/ben-tre/Keyword Stats 2026-02-23 at 11_23_00.csv,Viết bài top-list/so sánh; map vào cluster hub; bổ sung schema + ảnh/UGC,B,8250.0,0%,"16,793"
resort riverside bến tre,Resort Bến Tre,Lưu trú,In-scope Bến Tre,Commercial Investigation,5000,N/A,N/A,N/A,Planner (Thấp),data/google_planner/ben-tre/Keyword Stats 2026-02-23 at 11_23_00.csv,Viết bài top-list/so sánh; map vào cluster hub; bổ sung schema + ảnh/UGC,B,8250.0,0%,"16,793"
ben tre resort riverside,Resort Bến Tre,Lưu trú,In-scope Bến Tre,Commercial Investigation,50,N/A,N/A,N/A,Planner (Cao),data/google_planner/ben-tre/Keyword Stats 2026-02-23 at 11_23_00.csv,Viết bài top-list/so sánh; map vào cluster hub; bổ sung schema + ảnh/UGC,B,82.50000000000001,0%,"10,490"
coconut resort bến tre,Resort Bến Tre,Lưu trú,In-scope Bến Tre,Commercial Investigation,50,N/A,N/A,N/A,Planner (Thấp),data/google_planner/ben-tre/Keyword Stats 2026-02-23 at 11_23_00.csv,Viết bài top-list/so sánh; map vào cluster hub; bổ sung schema + ảnh/UGC,B,82.50000000000001,0%,"12,337"
forever green resort bến tre,Resort Bến Tre,Lưu trú,In-scope Bến Tre,Commercial Investigation,50,N/A,N/A,N/A,Planner (Trung bình),data/google_planner/ben-tre/Keyword Stats 2026-02-23 at 11_23_00.csv,Viết bài top-list/so sánh; map vào cluster hub; bổ sung schema + ảnh/UGC,B,82.50000000000001,0%,"9,283"
mekong resort bến tre,Resort Bến Tre,Lưu trú,In-scope Bến Tre,Commercial Investigation,50,N/A,N/A,N/A,Planner (Trung bình),data/google_planner/ben-tre/Keyword Stats 2026-02-23 at 11_23_00.csv,Viết bài top-list/so sánh; map vào cluster hub; bổ sung schema + ảnh/UGC,B,82.50000000000001,0%,"2,692"
resort coconut bến tre,Resort Bến Tre,Lưu trú,In-scope Bến Tre,Commercial Investigation,50,N/A,N/A,N/A,Planner (Thấp),data/google_planner/ben-tre/Keyword Stats 2026-02-23 at 11_23_00.csv,Viết bài top-list/so sánh; map vào cluster hub; bổ sung schema + ảnh/UGC,B,82.50000000000001,0%,"12,337"
resort dừa bến tre,Resort Bến Tre,Lưu trú,In-scope Bến Tre,Commercial Investigation,50,N/A,N/A,N/A,Planner (Trung bình),data/google_planner/ben-tre/Keyword Stats 2026-02-23 at 11_23_00.csv,Viết bài top-list/so sánh; map vào cluster hub; bổ sung schema + ảnh/UGC,B,82.50000000000001,0%,"3,119"
resort forever bến tre,Resort Bến Tre,Lưu trú,In-scope Bến Tre,Commercial Investigation,50,N/A,N/A,N/A,Planner (Trung bình),data/google_planner/ben-tre/Keyword Stats 2026-02-23 at 11_23_00.csv,Viết bài top-list/so sánh; map vào cluster hub; bổ sung schema + ảnh/UGC,B,82.50000000000001,0%,"9,283"
resort forever green bến tre,Resort Bến Tre,Lưu trú,In-scope Bến Tre,Commercial Investigation,50,N/A,N/A,N/A,Planner (Trung bình),data/google_planner/ben-tre/Keyword Stats 2026-02-23 at 11_23_00.csv,Viết bài top-list/so sánh; map vào cluster hub; bổ sung schema + ảnh/UGC,B,82.50000000000001,0%,"9,283"
resort mekong bến tre,Resort Bến Tre,Lưu trú,In-scope Bến Tre,Commercial Investigation,50,N/A,N/A,N/A,Planner (Trung bình),data/google_planner/ben-tre/Keyword Stats 2026-02-23 at 11_23_00.csv,Viết bài top-list/so sánh; map vào cluster hub; bổ sung schema + ảnh/UGC,B,82.50000000000001,0%,"3,725"
resort ở bến tre,Resort Bến Tre,Lưu trú,In-scope Bến Tre,Commercial Investigation,50,N/A,N/A,N/A,Planner (Cao),data/google_planner/ben-tre/Keyword Stats 2026-02-23 at 11_23_00.csv,Viết bài top-list/so sánh; map vào cluster hub; bổ sung schema + ảnh/UGC,B,82.50000000000001,0%,"5,874"
resort tại bến tre,Resort Bến Tre,Lưu trú,In-scope Bến Tre,Commercial Investigation,50,N/A,N/A,N/A,Planner (Cao),data/google_planner/ben-tre/Keyword Stats 2026-02-23 at 11_23_00.csv,Viết bài top-list/so sánh; map vào cluster hub; bổ sung schema + ảnh/UGC,B,82.50000000000001,0%,"3,134"
resort đẹp ở bến tre,Resort Bến Tre,Lưu trú,In-scope Bến Tre,Commercial Investigation,50,N/A,N/A,N/A,Planner (Cao),data/google_planner/ben-tre/Keyword Stats 2026-02-23 at 11_23_00.csv,Viết bài top-list/so sánh; map vào cluster hub; bổ sung schema + ảnh/UGC,B,82.50000000000001,0%,"5,126"
review forever green resort bến tre,Resort Bến Tre,Lưu trú,In-scope Bến Tre,Commercial Investigation,50,N/A,N/A,N/A,Planner (Thấp),data/google_planner/ben-tre/Keyword Stats 2026-02-23 at 11_23_00.csv,Viết bài top-list/so sánh; map vào cluster hub; bổ sung schema + ảnh/UGC,B,82.50000000000001,0%,"3,016"
resort bên tre,Resort Bến Tre,Lưu trú,In-scope Bến Tre,Commercial Investigation,50,N/A,N/A,N/A,Planner (Không xác định),data/google_planner/ben-tre/Keyword Stats 2026-02-23 at 11_23_00.csv,Viết bài top-list/so sánh; map vào cluster hub; bổ sung schema + ảnh/UGC,B,75.0,-100.0%,0
evergreen resort bến tre,Resort Bến Tre,Lưu trú,In-scope Bến Tre,Commercial Investigation,50,N/A,N/A,N/A,Planner (Trung bình),data/google_planner/ben-tre/Keyword Stats 2026-02-23 at 11_23_00.csv,Viết bài top-list/so sánh; map vào cluster hub; bổ sung schema + ảnh/UGC,B,75.0,0%,0
forever green resort tại bến tre,Resort Bến Tre,Lưu trú,In-scope Bến Tre,Commercial Investigation,50,N/A,N/A,N/A,Planner (Không xác định),data/google_planner/ben-tre/Keyword Stats 2026-02-23 at 11_23_00.csv,Viết bài top-list/so sánh; map vào cluster hub; bổ sung schema + ảnh/UGC,B,75.0,-100.0%,0
forever green resort ở bến tre,Resort Bến Tre,Lưu trú,In-scope Bến Tre,Commercial Investigation,50,N/A,N/A,N/A,Planner (Thấp),data/google_planner/ben-tre/Keyword Stats 2026-02-23 at 11_23_00.csv,Viết bài top-list/so sánh; map vào cluster hub; bổ sung schema + ảnh/UGC,B,75.0,0%,0
forever resort bến tre,Resort Bến Tre,Lưu trú,In-scope Bến Tre,Commercial Investigation,50,N/A,N/A,N/A,Planner (Trung bình),data/google_planner/ben-tre/Keyword Stats 2026-02-23 at 11_23_00.csv,Viết bài top-list/so sánh; map vào cluster hub; bổ sung schema + ảnh/UGC,B,75.0,0%,0
green resort bến tre,Resort Bến Tre,Lưu trú,In-scope Bến Tre,Commercial Investigation,50,N/A,N/A,N/A,Planner (Trung bình),data/google_planner/ben-tre/Keyword Stats 2026-02-23 at 11_23_00.csv,Viết bài top-list/so sánh; map vào cluster hub; bổ sung schema + ảnh/UGC,B,75.0,0%,0
khu du lịch resort bến tre,Resort Bến Tre,Lưu trú,In-scope Bến Tre,Commercial Investigation,50,N/A,N/A,N/A,Planner (Cao),data/google_planner/ben-tre/Keyword Stats 2026-02-23 at 11_23_00.csv,Viết bài top-list/so sánh; map vào cluster hub; bổ sung schema + ảnh/UGC,B,75.0,0%,0
khu resort bến tre,Resort Bến Tre,Lưu trú,In-scope Bến Tre,Commercial Investigation,50,N/A,N/A,N/A,Planner (Trung bình),data/google_planner/ben-tre/Keyword Stats 2026-02-23 at 11_23_00.csv,Viết bài top-list/so sánh; map vào cluster hub; bổ sung schema + ảnh/UGC,B,75.0,0%,0
mango home resort bến tre,Resort Bến Tre,Lưu trú,In-scope Bến Tre,Commercial Investigation,50,N/A,N/A,N/A,Planner (Không xác định),data/google_planner/ben-tre/Keyword Stats 2026-02-23 at 11_23_00.csv,Viết bài top-list/so sánh; map vào cluster hub; bổ sung schema + ảnh/UGC,B,75.0,0%,0
mango resort bến tre,Resort Bến Tre,Lưu trú,In-scope Bến Tre,Commercial Investigation,50,N/A,N/A,N/A,Planner (Trung bình),data/google_planner/ben-tre/Keyword Stats 2026-02-23 at 11_23_00.csv,Viết bài top-list/so sánh; map vào cluster hub; bổ sung schema + ảnh/UGC,B,75.0,0%,0
mỹ an resort bến tre,Resort Bến Tre,Lưu trú,In-scope Bến Tre,Commercial Investigation,50,N/A,N/A,N/A,Planner (Cao),data/google_planner/ben-tre/Keyword Stats 2026-02-23 at 11_23_00.csv,Viết bài top-list/so sánh; map vào cluster hub; bổ sung schema + ảnh/UGC,B,75.0,0%,0
resort bến tre đẹp,Resort Bến Tre,Lưu trú,In-scope Bến Tre,Commercial Investigation,50,N/A,N/A,N/A,Planner (Cao),data/google_planner/ben-tre/Keyword Stats 2026-02-23 at 11_23_00.csv,Viết bài top-list/so sánh; map vào cluster hub; bổ sung schema + ảnh/UGC,B,75.0,0%,0
resort lan vương bến tre,Resort Bến Tre,Lưu trú,In-scope Bến Tre,Commercial Investigation,50,N/A,N/A,N/A,Planner (Thấp),data/google_planner/ben-tre/Keyword Stats 2026-02-23 at 11_23_00.csv,Viết bài top-list/so sánh; map vào cluster hub; bổ sung schema + ảnh/UGC,B,75.0,0%,0
resort lô hội bến tre,Resort Bến Tre,Lưu trú,In-scope Bến Tre,Commercial Investigation,50,N/A,N/A,N/A,Planner (Thấp),data/google_planner/ben-tre/Keyword Stats 2026-02-23 at 11_23_00.csv,Viết bài top-list/so sánh; map vào cluster hub; bổ sung schema + ảnh/UGC,B,75.0,0%,0
resort mango bến tre,Resort Bến Tre,Lưu trú,In-scope Bến Tre,Commercial Investigation,50,N/A,N/A,N/A,Planner (Trung bình),data/google_planner/ben-tre/Keyword Stats 2026-02-23 at 11_23_00.csv,Viết bài top-list/so sánh; map vào cluster hub; bổ sung schema + ảnh/UGC,B,75.0,0%,0
resort mỹ an bến tre,Resort Bến Tre,Lưu trú,In-scope Bến Tre,Commercial Investigation,50,N/A,N/A,N/A,Planner (Không xác định),data/google_planner/ben-tre/Keyword Stats 2026-02-23 at 11_23_00.csv,Viết bài top-list/so sánh; map vào cluster hub; bổ sung schema + ảnh/UGC,B,75.0,0%,0
resort phú túc bến tre,Resort Bến Tre,Lưu trú,In-scope Bến Tre,Commercial Investigation,50,N/A,N/A,N/A,Planner (Thấp),data/google_planner/ben-tre/Keyword Stats 2026-02-23 at 11_23_00.csv,Viết bài top-list/so sánh; map vào cluster hub; bổ sung schema + ảnh/UGC,B,75.0,0%,0
du lịch tiền giang bến tre,Tiền Giang Trip,Tổng hợp,Out-of-scope Tiền Giang,Informational,50,N/A,N/A,N/A,Planner (Trung bình),data/google_planner/ben-tre/Keyword Stats 2026-02-23 at 11_23_00.csv,Viết guide/review; ưu tiên long-tail; tạo topic hub và internal link về trang dịch vụ,B,55.00000000000001,0%,"9,890"
tour tiền giang bến tre 1 ngày,Tiền Giang Trip,Di chuyển,Out-of-scope Tiền Giang,Transaction,50,N/A,N/A,N/A,Planner (Cao),data/google_planner/ben-tre/Keyword Stats 2026-02-23 at 11_23_00.csv,"Tạo landing chuyển đổi (giá/vé/đặt chỗ), gom vào cluster page + build backlink nội bộ",B,55.00000000000001,0%,"18,286"
các điểm du lịch tiền giang bến tre,Tiền Giang Trip,Tổng hợp,Out-of-scope Tiền Giang,Informational,50,N/A,N/A,N/A,Planner (Trung bình),data/google_planner/ben-tre/Keyword Stats 2026-02-23 at 11_23_00.csv,Viết guide/review; ưu tiên long-tail; tạo topic hub và internal link về trang dịch vụ,B,55.00000000000001,0%,"4,774"
du lịch bến tre tiền giang,Tiền Giang Trip,Tổng hợp,Out-of-scope Tiền Giang,Informational,50,N/A,N/A,N/A,Planner (Trung bình),data/google_planner/ben-tre/Keyword Stats 2026-02-23 at 11_23_00.csv,Viết guide/review; ưu tiên long-tail; tạo topic hub và internal link về trang dịch vụ,B,55.00000000000001,0%,"8,496"
tour bến tre tiền giang,Tiền Giang Trip,Di chuyển,Out-of-scope Tiền Giang,Commercial Investigation,50,N/A,N/A,N/A,Planner (Cao),data/google_planner/ben-tre/Keyword Stats 2026-02-23 at 11_23_00.csv,Viết bài top-list/so sánh; map vào cluster hub; bổ sung schema + ảnh/UGC,B,55.00000000000001,0%,"11,029"
tour du lịch tiền giang bến tre,Tiền Giang Trip,Di chuyển,Out-of-scope Tiền Giang,Commercial Investigation,50,N/A,N/A,N/A,Planner (Trung bình),data/google_planner/ben-tre/Keyword Stats 2026-02-23 at 11_23_00.csv,Viết bài top-list/so sánh; map vào cluster hub; bổ sung schema + ảnh/UGC,B,55.00000000000001,0%,"6,944"
tour tiền giang bến tre,Tiền Giang Trip,Di chuyển,Out-of-scope Tiền Giang,Commercial Investigation,50,N/A,N/A,N/A,Planner (Cao),data/google_planner/ben-tre/Keyword Stats 2026-02-23 at 11_23_00.csv,Viết bài top-list/so sánh; map vào cluster hub; bổ sung schema + ảnh/UGC,B,55.00000000000001,0%,"12,792"
khu du lịch tiền giang bến tre,Tiền Giang Trip,Tổng hợp,Out-of-scope Tiền Giang,Informational,50,N/A,N/A,N/A,Planner (Trung bình),data/google_planner/ben-tre/Keyword Stats 2026-02-23 at 11_23_00.csv,Viết guide/review; ưu tiên long-tail; tạo topic hub và internal link về trang dịch vụ,B,50.0,0%,0
tiền giang bến tre,Tiền Giang Trip,Tổng hợp,Out-of-scope Tiền Giang,Informational,50,N/A,N/A,N/A,Planner (Thấp),data/google_planner/ben-tre/Keyword Stats 2026-02-23 at 11_23_00.csv,Viết guide/review; ưu tiên long-tail; tạo topic hub và internal link về trang dịch vụ,B,50.0,0%,0
tour tiền giang bến tre 2 ngày,Tiền Giang Trip,Di chuyển,Out-of-scope Tiền Giang,Transaction,50,N/A,N/A,N/A,Planner (Thấp),data/google_planner/ben-tre/Keyword Stats 2026-02-23 at 11_23_00.csv,"Tạo landing chuyển đổi (giá/vé/đặt chỗ), gom vào cluster page + build backlink nội bộ",B,50.0,0%,0
khu du lịch bến tre,Tổng hợp Bến Tre,Tổng hợp,In-scope Bến Tre,Informational,5000,N/A,N/A,N/A,Planner (Thấp),data/google_planner/ben-tre/Keyword Stats 2026-02-23 at 11_23_00.csv,Viết guide/review; ưu tiên long-tail; tạo topic hub và internal link về trang dịch vụ,B,5500.0,-90.0%,"7,693"
du lịch ben tre,Tổng hợp Bến Tre,Tổng hợp,In-scope Bến Tre,Informational,500,N/A,N/A,N/A,Planner (Trung bình),data/google_planner/ben-tre/Keyword Stats 2026-02-23 at 11_23_00.csv,Viết guide/review; ưu tiên long-tail; tạo topic hub và internal link về trang dịch vụ,B,550.0,0%,"9,878"
khu du lich ở bến tre,Tổng hợp Bến Tre,Tổng hợp,In-scope Bến Tre,Informational,500,N/A,N/A,N/A,Planner (Thấp),data/google_planner/ben-tre/Keyword Stats 2026-02-23 at 11_23_00.csv,Viết guide/review; ưu tiên long-tail; tạo topic hub và internal link về trang dịch vụ,B,550.0,0%,"7,427"
điểm du lịch bến tre,Tổng hợp Bến Tre,Tổng hợp,In-scope Bến Tre,Informational,500,N/A,N/A,N/A,Planner (Thấp),data/google_planner/ben-tre/Keyword Stats 2026-02-23 at 11_23_00.csv,Viết guide/review; ưu tiên long-tail; tạo topic hub và internal link về trang dịch vụ,B,550.0,0%,"4,030"
du lịch sinh thái bến tre,Tổng hợp Bến Tre,Tổng hợp,In-scope Bến Tre,Informational,500,N/A,N/A,N/A,Planner (Thấp),data/google_planner/ben-tre/Keyword Stats 2026-02-23 at 11_23_00.csv,Viết guide/review; ưu tiên long-tail; tạo topic hub và internal link về trang dịch vụ,B,550.0,0%,"9,370"
vuon trai cay bến tre,Tổng hợp Bến Tre,Tổng hợp,In-scope Bến Tre,Informational,500,N/A,N/A,N/A,Planner (Thấp),data/google_planner/ben-tre/Keyword Stats 2026-02-23 at 11_23_00.csv,Viết guide/review; ưu tiên long-tail; tạo topic hub và internal link về trang dịch vụ,B,550.0,0%,"2,027"
danh lam thắng cảnh ở bến tre,Tổng hợp Bến Tre,Tổng hợp,In-scope Bến Tre,Informational,500,N/A,N/A,N/A,Planner (Thấp),data/google_planner/ben-tre/Keyword Stats 2026-02-23 at 11_23_00.csv,Viết guide/review; ưu tiên long-tail; tạo topic hub và internal link về trang dịch vụ,B,500.0,0%,0
khu vui chơi và du lịch bến tre,Tổng hợp Bến Tre,Tổng hợp,In-scope Bến Tre,Informational,500,N/A,N/A,N/A,Planner (Thấp),data/google_planner/ben-tre/Keyword Stats 2026-02-23 at 11_23_00.csv,Viết guide/review; ưu tiên long-tail; tạo topic hub và internal link về trang dịch vụ,B,500.0,0%,0
du lịch bến tre 2 ngày 1 đêm,Tổng hợp Bến Tre,Tổng hợp,In-scope Bến Tre,Informational,50,N/A,N/A,N/A,Planner (Trung bình),data/google_planner/ben-tre/Keyword Stats 2026-02-23 at 11_23_00.csv,Viết guide/review; ưu tiên long-tail; tạo topic hub và internal link về trang dịch vụ,B,55.00000000000001,0%,"8,662"
khu du lịch miền tây bến tre,Tổng hợp Bến Tre,Tổng hợp,In-scope Bến Tre,Informational,50,N/A,N/A,N/A,Planner (Trung bình),data/google_planner/ben-tre/Keyword Stats 2026-02-23 at 11_23_00.csv,Viết guide/review; ưu tiên long-tail; tạo topic hub và internal link về trang dịch vụ,B,55.00000000000001,0%,"8,348"
các điểm du lịch bến tre,Tổng hợp Bến Tre,Tổng hợp,In-scope Bến Tre,Informational,50,N/A,N/A,N/A,Planner (Thấp),data/google_planner/ben-tre/Keyword Stats 2026-02-23 at 11_23_00.csv,Viết guide/review; ưu tiên long-tail; tạo topic hub và internal link về trang dịch vụ,B,55.00000000000001,0%,"6,213"
ben tre du lich,Tổng hợp Bến Tre,Tổng hợp,In-scope Bến Tre,Informational,50,N/A,N/A,N/A,Planner (Trung bình),data/google_planner/ben-tre/Keyword Stats 2026-02-23 at 11_23_00.csv,Viết guide/review; ưu tiên long-tail; tạo topic hub và internal link về trang dịch vụ,B,55.00000000000001,0%,"9,876"
bến tre có khu du lịch nào,Tổng hợp Bến Tre,Tổng hợp,In-scope Bến Tre,Informational,50,N/A,N/A,N/A,Planner (Thấp),data/google_planner/ben-tre/Keyword Stats 2026-02-23 at 11_23_00.csv,Viết guide/review; ưu tiên long-tail; tạo topic hub và internal link về trang dịch vụ,B,55.00000000000001,0%,"3,984"
bến tre khu du lịch,Tổng hợp Bến Tre,Tổng hợp,In-scope Bến Tre,Informational,50,N/A,N/A,N/A,Planner (Thấp),data/google_planner/ben-tre/Keyword Stats 2026-02-23 at 11_23_00.csv,Viết guide/review; ưu tiên long-tail; tạo topic hub và internal link về trang dịch vụ,B,55.00000000000001,0%,"6,726"
các khu du lịch ở bến tre,Tổng hợp Bến Tre,Tổng hợp,In-scope Bến Tre,Informational,50,N/A,N/A,N/A,Planner (Thấp),data/google_planner/ben-tre/Keyword Stats 2026-02-23 at 11_23_00.csv,Viết guide/review; ưu tiên long-tail; tạo topic hub và internal link về trang dịch vụ,B,55.00000000000001,0%,"7,102"
các điểm tham quan ở bến tre,Tổng hợp Bến Tre,Tổng hợp,In-scope Bến Tre,Informational,50,N/A,N/A,N/A,Planner (Thấp),data/google_planner/ben-tre/Keyword Stats 2026-02-23 at 11_23_00.csv,Viết guide/review; ưu tiên long-tail; tạo topic hub và internal link về trang dịch vụ,B,55.00000000000001,0%,"6,445"
du lịch 4 cồn bến tre,Tổng hợp Bến Tre,Tổng hợp,In-scope Bến Tre,Informational,50,N/A,N/A,N/A,Planner (Trung bình),data/google_planner/ben-tre/Keyword Stats 2026-02-23 at 11_23_00.csv,Viết guide/review; ưu tiên long-tail; tạo topic hub và internal link về trang dịch vụ,B,55.00000000000001,0%,"7,727"
du lịch bến tre trong ngày,Tổng hợp Bến Tre,Tổng hợp,In-scope Bến Tre,Informational,50,N/A,N/A,N/A,Planner (Cao),data/google_planner/ben-tre/Keyword Stats 2026-02-23 at 11_23_00.csv,Viết guide/review; ưu tiên long-tail; tạo topic hub và internal link về trang dịch vụ,B,55.00000000000001,0%,"9,101"
du lịch cồn bến tre,Tổng hợp Bến Tre,Tổng hợp,In-scope Bến Tre,Informational,50,N/A,N/A,N/A,Planner (Trung bình),data/google_planner/ben-tre/Keyword Stats 2026-02-23 at 11_23_00.csv,Viết guide/review; ưu tiên long-tail; tạo topic hub và internal link về trang dịch vụ,B,55.00000000000001,0%,"9,877"
du lịch miệt vườn bến tre,Tổng hợp Bến Tre,Tổng hợp,In-scope Bến Tre,Informational,50,N/A,N/A,N/A,Planner (Trung bình),data/google_planner/ben-tre/Keyword Stats 2026-02-23 at 11_23_00.csv,Viết guide/review; ưu tiên long-tail; tạo topic hub và internal link về trang dịch vụ,B,55.00000000000001,0%,"8,294"
du lịch sông nước bến tre,Tổng hợp Bến Tre,Tổng hợp,In-scope Bến Tre,Informational,50,N/A,N/A,N/A,Planner (Trung bình),data/google_planner/ben-tre/Keyword Stats 2026-02-23 at 11_23_00.csv,Viết guide/review; ưu tiên long-tail; tạo topic hub và internal link về trang dịch vụ,B,55.00000000000001,0%,"7,600"
du lịch tự túc bến tre,Tổng hợp Bến Tre,Tổng hợp,In-scope Bến Tre,Informational,50,N/A,N/A,N/A,Planner (Trung bình),data/google_planner/ben-tre/Keyword Stats 2026-02-23 at 11_23_00.csv,Viết guide/review; ưu tiên long-tail; tạo topic hub và internal link về trang dịch vụ,B,55.00000000000001,0%,"7,118"
khu du lịch mekong bến tre,Tổng hợp Bến Tre,Tổng hợp,In-scope Bến Tre,Informational,50,N/A,N/A,N/A,Planner (Thấp),data/google_planner/ben-tre/Keyword Stats 2026-02-23 at 11_23_00.csv,Viết guide/review; ưu tiên long-tail; tạo topic hub và internal link về trang dịch vụ,B,55.00000000000001,0%,"6,415"
khu du lịch sông nước bến tre,Tổng hợp Bến Tre,Tổng hợp,In-scope Bến Tre,Informational,50,N/A,N/A,N/A,Planner (Trung bình),data/google_planner/ben-tre/Keyword Stats 2026-02-23 at 11_23_00.csv,Viết guide/review; ưu tiên long-tail; tạo topic hub và internal link về trang dịch vụ,B,55.00000000000001,0%,"6,138"
khu du lịch tại bến tre,Tổng hợp Bến Tre,Tổng hợp,In-scope Bến Tre,Informational,50,N/A,N/A,N/A,Planner (Thấp),data/google_planner/ben-tre/Keyword Stats 2026-02-23 at 11_23_00.csv,Viết guide/review; ưu tiên long-tail; tạo topic hub và internal link về trang dịch vụ,B,55.00000000000001,0%,"9,877"
kinh nghiệm du lịch bến tre,Tổng hợp Bến Tre,Tổng hợp,In-scope Bến Tre,Commercial Investigation,50,N/A,N/A,N/A,Planner (Trung bình),data/google_planner/ben-tre/Keyword Stats 2026-02-23 at 11_23_00.csv,Viết bài top-list/so sánh; map vào cluster hub; bổ sung schema + ảnh/UGC,B,55.00000000000001,0%,"6,935"
miệt vườn bến tre,Tổng hợp Bến Tre,Tổng hợp,In-scope Bến Tre,Informational,50,N/A,N/A,N/A,Planner (Trung bình),data/google_planner/ben-tre/Keyword Stats 2026-02-23 at 11_23_00.csv,Viết guide/review; ưu tiên long-tail; tạo topic hub và internal link về trang dịch vụ,B,55.00000000000001,0%,"7,151"
những điểm du lịch bến tre,Tổng hợp Bến Tre,Tổng hợp,In-scope Bến Tre,Informational,50,N/A,N/A,N/A,Planner (Thấp),data/google_planner/ben-tre/Keyword Stats 2026-02-23 at 11_23_00.csv,Viết guide/review; ưu tiên long-tail; tạo topic hub và internal link về trang dịch vụ,B,55.00000000000001,0%,"4,645"
tham quan bến tre,Tổng hợp Bến Tre,Tổng hợp,In-scope Bến Tre,Informational,50,N/A,N/A,N/A,Planner (Trung bình),data/google_planner/ben-tre/Keyword Stats 2026-02-23 at 11_23_00.csv,Viết guide/review; ưu tiên long-tail; tạo topic hub và internal link về trang dịch vụ,B,55.00000000000001,0%,"6,787"
đi du lịch bến tre,Tổng hợp Bến Tre,Tổng hợp,In-scope Bến Tre,Informational,50,N/A,N/A,N/A,Planner (Trung bình),data/google_planner/ben-tre/Keyword Stats 2026-02-23 at 11_23_00.csv,Viết guide/review; ưu tiên long-tail; tạo topic hub và internal link về trang dịch vụ,B,55.00000000000001,0%,"9,875"
điểm du lịch bến tre mới nhất,Tổng hợp Bến Tre,Tổng hợp,In-scope Bến Tre,Informational,50,N/A,N/A,N/A,Planner (Trung bình),data/google_planner/ben-tre/Keyword Stats 2026-02-23 at 11_23_00.csv,Viết guide/review; ưu tiên long-tail; tạo topic hub và internal link về trang dịch vụ,B,55.00000000000001,0%,"4,362"
điểm du lịch ở bến tre,Tổng hợp Bến Tre,Tổng hợp,In-scope Bến Tre,Informational,50,N/A,N/A,N/A,Planner (Thấp),data/google_planner/ben-tre/Keyword Stats 2026-02-23 at 11_23_00.csv,Viết guide/review; ưu tiên long-tail; tạo topic hub và internal link về trang dịch vụ,B,55.00000000000001,0%,"14,412"
điểm tham quan bến tre,Tổng hợp Bến Tre,Tổng hợp,In-scope Bến Tre,Informational,50,N/A,N/A,N/A,Planner (Trung bình),data/google_planner/ben-tre/Keyword Stats 2026-02-23 at 11_23_00.csv,Viết guide/review; ưu tiên long-tail; tạo topic hub và internal link về trang dịch vụ,B,55.00000000000001,0%,"4,334"
địa điểm du lịch ở bến tre,Tổng hợp Bến Tre,Tổng hợp,In-scope Bến Tre,Informational,50,N/A,N/A,N/A,Planner (Thấp),data/google_planner/ben-tre/Keyword Stats 2026-02-23 at 11_23_00.csv,Viết guide/review; ưu tiên long-tail; tạo topic hub và internal link về trang dịch vụ,B,55.00000000000001,-90.0%,"4,050"
địa điểm du lịch bên tre,Tổng hợp Bến Tre,Tổng hợp,In-scope Bến Tre,Informational,50,N/A,N/A,N/A,Planner (Thấp),data/google_planner/ben-tre/Keyword Stats 2026-02-23 at 11_23_00.csv,Viết guide/review; ưu tiên long-tail; tạo topic hub và internal link về trang dịch vụ,B,50.0,0%,0
du lich ben tre 1 ngay,Tổng hợp Bến Tre,Tổng hợp,In-scope Bến Tre,Informational,50,N/A,N/A,N/A,Planner (Cao),data/google_planner/ben-tre/Keyword Stats 2026-02-23 at 11_23_00.csv,Viết guide/review; ưu tiên long-tail; tạo topic hub và internal link về trang dịch vụ,B,50.0,0%,0
bến tre các điểm thu hút du lịch,Tổng hợp Bến Tre,Tổng hợp,In-scope Bến Tre,Informational,50,N/A,N/A,N/A,Planner (Không xác định),data/google_planner/ben-tre/Keyword Stats 2026-02-23 at 11_23_00.csv,Viết guide/review; ưu tiên long-tail; tạo topic hub và internal link về trang dịch vụ,B,50.0,0%,0
bến tre có những khu du lịch nào,Tổng hợp Bến Tre,Tổng hợp,In-scope Bến Tre,Informational,50,N/A,N/A,N/A,Planner (Thấp),data/google_planner/ben-tre/Keyword Stats 2026-02-23 at 11_23_00.csv,Viết guide/review; ưu tiên long-tail; tạo topic hub và internal link về trang dịch vụ,B,50.0,0%,0
bến tre có những địa điểm du lịch nào,Tổng hợp Bến Tre,Tổng hợp,In-scope Bến Tre,Informational,50,N/A,N/A,N/A,Planner (Thấp),data/google_planner/ben-tre/Keyword Stats 2026-02-23 at 11_23_00.csv,Viết guide/review; ưu tiên long-tail; tạo topic hub và internal link về trang dịch vụ,B,50.0,0%,0
bến tre có điểm du lịch nào,Tổng hợp Bến Tre,Tổng hợp,In-scope Bến Tre,Informational,50,N/A,N/A,N/A,Planner (Thấp),data/google_planner/ben-tre/Keyword Stats 2026-02-23 at 11_23_00.csv,Viết guide/review; ưu tiên long-tail; tạo topic hub và internal link về trang dịch vụ,B,50.0,0%,0
bến tre khu du lịch sinh thái,Tổng hợp Bến Tre,Tổng hợp,In-scope Bến Tre,Informational,50,N/A,N/A,N/A,Planner (Trung bình),data/google_planner/ben-tre/Keyword Stats 2026-02-23 at 11_23_00.csv,Viết guide/review; ưu tiên long-tail; tạo topic hub và internal link về trang dịch vụ,B,50.0,0%,0
bến tre địa điểm du lịch,Tổng hợp Bến Tre,Tổng hợp,In-scope Bến Tre,Informational,50,N/A,N/A,N/A,Planner (Thấp),data/google_planner/ben-tre/Keyword Stats 2026-02-23 at 11_23_00.csv,Viết guide/review; ưu tiên long-tail; tạo topic hub và internal link về trang dịch vụ,B,50.0,0%,0
cac diem du lich ben tre,Tổng hợp Bến Tre,Tổng hợp,In-scope Bến Tre,Informational,50,N/A,N/A,N/A,Planner (Trung bình),data/google_planner/ben-tre/Keyword Stats 2026-02-23 at 11_23_00.csv,Viết guide/review; ưu tiên long-tail; tạo topic hub và internal link về trang dịch vụ,B,50.0,0%,0
cac diem du lich o ben tre,Tổng hợp Bến Tre,Tổng hợp,In-scope Bến Tre,Informational,50,N/A,N/A,N/A,Planner (Trung bình),data/google_planner/ben-tre/Keyword Stats 2026-02-23 at 11_23_00.csv,Viết guide/review; ưu tiên long-tail; tạo topic hub và internal link về trang dịch vụ,B,50.0,0%,0
canh dep ben tre,Tổng hợp Bến Tre,Tổng hợp,In-scope Bến Tre,Informational,50,N/A,N/A,N/A,Planner (Thấp),data/google_planner/ben-tre/Keyword Stats 2026-02-23 at 11_23_00.csv,Viết guide/review; ưu tiên long-tail; tạo topic hub và internal link về trang dịch vụ,B,50.0,0%,0
cty du lịch bến tre,Tổng hợp Bến Tre,Tổng hợp,In-scope Bến Tre,Informational,50,N/A,N/A,N/A,Planner (Thấp),data/google_planner/ben-tre/Keyword Stats 2026-02-23 at 11_23_00.csv,Viết guide/review; ưu tiên long-tail; tạo topic hub và internal link về trang dịch vụ,B,50.0,0%,0
các khu du lịch bến tre,Tổng hợp Bến Tre,Tổng hợp,In-scope Bến Tre,Informational,50,N/A,N/A,N/A,Planner (Thấp),data/google_planner/ben-tre/Keyword Stats 2026-02-23 at 11_23_00.csv,Viết guide/review; ưu tiên long-tail; tạo topic hub và internal link về trang dịch vụ,B,50.0,0%,0
các khu du lịch tại bến tre,Tổng hợp Bến Tre,Tổng hợp,In-scope Bến Tre,Informational,50,N/A,N/A,N/A,Planner (Thấp),data/google_planner/ben-tre/Keyword Stats 2026-02-23 at 11_23_00.csv,Viết guide/review; ưu tiên long-tail; tạo topic hub và internal link về trang dịch vụ,B,50.0,0%,0
các món ăn đặc sản bến tre,Tổng hợp Bến Tre,Tổng hợp,In-scope Bến Tre,Informational,50,N/A,N/A,N/A,Planner (Thấp),data/google_planner/ben-tre/Keyword Stats 2026-02-23 at 11_23_00.csv,Viết guide/review; ưu tiên long-tail; tạo topic hub và internal link về trang dịch vụ,B,50.0,0%,0
các điểm du lịch nổi tiếng ở bến tre,Tổng hợp Bến Tre,Tổng hợp,In-scope Bến Tre,Informational,50,N/A,N/A,N/A,Planner (Thấp),data/google_planner/ben-tre/Keyword Stats 2026-02-23 at 11_23_00.csv,Viết guide/review; ưu tiên long-tail; tạo topic hub và internal link về trang dịch vụ,B,50.0,0%,0
các điểm tham quan du lịch bến tre,Tổng hợp Bến Tre,Tổng hợp,In-scope Bến Tre,Informational,50,N/A,N/A,N/A,Planner (Thấp),data/google_planner/ben-tre/Keyword Stats 2026-02-23 at 11_23_00.csv,Viết guide/review; ưu tiên long-tail; tạo topic hub và internal link về trang dịch vụ,B,50.0,0%,0
các địa điểm du lịch bến tre,Tổng hợp Bến Tre,Tổng hợp,In-scope Bến Tre,Informational,50,N/A,N/A,N/A,Planner (Thấp),data/google_planner/ben-tre/Keyword Stats 2026-02-23 at 11_23_00.csv,Viết guide/review; ưu tiên long-tail; tạo topic hub và internal link về trang dịch vụ,B,50.0,0%,0
các địa điểm du lịch nổi tiếng ở bến tre,Tổng hợp Bến Tre,Tổng hợp,In-scope Bến Tre,Informational,50,N/A,N/A,N/A,Planner (Thấp),data/google_planner/ben-tre/Keyword Stats 2026-02-23 at 11_23_00.csv,Viết guide/review; ưu tiên long-tail; tạo topic hub và internal link về trang dịch vụ,B,50.0,0%,0
các địa điểm du lịch tại bến tre,Tổng hợp Bến Tre,Tổng hợp,In-scope Bến Tre,Informational,50,N/A,N/A,N/A,Planner (Thấp),data/google_planner/ben-tre/Keyword Stats 2026-02-23 at 11_23_00.csv,Viết guide/review; ưu tiên long-tail; tạo topic hub và internal link về trang dịch vụ,B,50.0,0%,0
các địa điểm du lịch ở bến tre,Tổng hợp Bến Tre,Tổng hợp,In-scope Bến Tre,Informational,50,N/A,N/A,N/A,Planner (Thấp),data/google_planner/ben-tre/Keyword Stats 2026-02-23 at 11_23_00.csv,Viết guide/review; ưu tiên long-tail; tạo topic hub và internal link về trang dịch vụ,B,50.0,0%,0
các địa điểm tham quan ở bến tre,Tổng hợp Bến Tre,Tổng hợp,In-scope Bến Tre,Informational,50,N/A,N/A,N/A,Planner (Thấp),data/google_planner/ben-tre/Keyword Stats 2026-02-23 at 11_23_00.csv,Viết guide/review; ưu tiên long-tail; tạo topic hub và internal link về trang dịch vụ,B,50.0,0%,0
dia diem ben tre,Tổng hợp Bến Tre,Tổng hợp,In-scope Bến Tre,Informational,50,N/A,N/A,N/A,Planner (Không xác định),data/google_planner/ben-tre/Keyword Stats 2026-02-23 at 11_23_00.csv,Viết guide/review; ưu tiên long-tail; tạo topic hub và internal link về trang dịch vụ,B,50.0,-100.0%,0
dia diem du lich ben tre,Tổng hợp Bến Tre,Tổng hợp,In-scope Bến Tre,Informational,50,N/A,N/A,N/A,Planner (Thấp),data/google_planner/ben-tre/Keyword Stats 2026-02-23 at 11_23_00.csv,Viết guide/review; ưu tiên long-tail; tạo topic hub và internal link về trang dịch vụ,B,50.0,0%,0
dia diem du lich o ben tre,Tổng hợp Bến Tre,Tổng hợp,In-scope Bến Tre,Informational,50,N/A,N/A,N/A,Planner (Thấp),data/google_planner/ben-tre/Keyword Stats 2026-02-23 at 11_23_00.csv,Viết guide/review; ưu tiên long-tail; tạo topic hub và internal link về trang dịch vụ,B,50.0,0%,0
dia diem vui choi ben tre,Tổng hợp Bến Tre,Tổng hợp,In-scope Bến Tre,Informational,50,N/A,N/A,N/A,Planner (Thấp),data/google_planner/ben-tre/Keyword Stats 2026-02-23 at 11_23_00.csv,Viết guide/review; ưu tiên long-tail; tạo topic hub và internal link về trang dịch vụ,B,50.0,0%,0
dia diem vui choi o ben tre,Tổng hợp Bến Tre,Tổng hợp,In-scope Bến Tre,Informational,50,N/A,N/A,N/A,Planner (Thấp),data/google_planner/ben-tre/Keyword Stats 2026-02-23 at 11_23_00.csv,Viết guide/review; ưu tiên long-tail; tạo topic hub và internal link về trang dịch vụ,B,50.0,0%,0
diem du lich o ben tre,Tổng hợp Bến Tre,Tổng hợp,In-scope Bến Tre,Informational,50,N/A,N/A,N/A,Planner (Trung bình),data/google_planner/ben-tre/Keyword Stats 2026-02-23 at 11_23_00.csv,Viết guide/review; ưu tiên long-tail; tạo topic hub và internal link về trang dịch vụ,B,50.0,0%,0
du lich ben tre 2 ngay 1 dem,Tổng hợp Bến Tre,Tổng hợp,In-scope Bến Tre,Informational,50,N/A,N/A,N/A,Planner (Cao),data/google_planner/ben-tre/Keyword Stats 2026-02-23 at 11_23_00.csv,Viết guide/review; ưu tiên long-tail; tạo topic hub và internal link về trang dịch vụ,B,50.0,0%,0
du lich ben tre mot ngay,Tổng hợp Bến Tre,Tổng hợp,In-scope Bến Tre,Informational,50,N/A,N/A,N/A,Planner (Không xác định),data/google_planner/ben-tre/Keyword Stats 2026-02-23 at 11_23_00.csv,Viết guide/review; ưu tiên long-tail; tạo topic hub và internal link về trang dịch vụ,B,50.0,0%,0
du lịch bảo thạch bến tre,Tổng hợp Bến Tre,Tổng hợp,In-scope Bến Tre,Informational,50,N/A,N/A,N/A,Planner (Thấp),data/google_planner/ben-tre/Keyword Stats 2026-02-23 at 11_23_00.csv,Viết guide/review; ưu tiên long-tail; tạo topic hub và internal link về trang dịch vụ,B,50.0,0%,0
du lịch bến tre 2 ngày,Tổng hợp Bến Tre,Tổng hợp,In-scope Bến Tre,Informational,50,N/A,N/A,N/A,Planner (Không xác định),data/google_planner/ben-tre/Keyword Stats 2026-02-23 at 11_23_00.csv,Viết guide/review; ưu tiên long-tail; tạo topic hub và internal link về trang dịch vụ,B,50.0,-100.0%,0
du lịch c2t bến tre,Tổng hợp Bến Tre,Tổng hợp,In-scope Bến Tre,Informational,50,N/A,N/A,N/A,Planner (Thấp),data/google_planner/ben-tre/Keyword Stats 2026-02-23 at 11_23_00.csv,Viết guide/review; ưu tiên long-tail; tạo topic hub và internal link về trang dịch vụ,B,50.0,-90.0%,0
du lịch miền tây bến tre,Tổng hợp Bến Tre,Tổng hợp,In-scope Bến Tre,Informational,50,N/A,N/A,N/A,Planner (Thấp),data/google_planner/ben-tre/Keyword Stats 2026-02-23 at 11_23_00.csv,Viết guide/review; ưu tiên long-tail; tạo topic hub và internal link về trang dịch vụ,B,50.0,0%,0
du lịch nhà vườn bến tre,Tổng hợp Bến Tre,Tổng hợp,In-scope Bến Tre,Informational,50,N/A,N/A,N/A,Planner (Trung bình),data/google_planner/ben-tre/Keyword Stats 2026-02-23 at 11_23_00.csv,Viết guide/review; ưu tiên long-tail; tạo topic hub và internal link về trang dịch vụ,B,50.0,0%,0
du lịch thành phố bến tre,Tổng hợp Bến Tre,Tổng hợp,In-scope Bến Tre,Informational,50,N/A,N/A,N/A,Planner (Thấp),data/google_planner/ben-tre/Keyword Stats 2026-02-23 at 11_23_00.csv,Viết guide/review; ưu tiên long-tail; tạo topic hub và internal link về trang dịch vụ,B,50.0,0%,0
du lịch vườn sầu riêng bến tre,Tổng hợp Bến Tre,Tổng hợp,In-scope Bến Tre,Informational,50,N/A,N/A,N/A,Planner (Trung bình),data/google_planner/ben-tre/Keyword Stats 2026-02-23 at 11_23_00.csv,Viết guide/review; ưu tiên long-tail; tạo topic hub và internal link về trang dịch vụ,B,50.0,0%,0
giá vé khu du lịch bến tre,Tổng hợp Bến Tre,Tổng hợp,In-scope Bến Tre,Transaction,50,N/A,N/A,N/A,Planner (Trung bình),data/google_planner/ben-tre/Keyword Stats 2026-02-23 at 11_23_00.csv,"Tạo landing chuyển đổi (giá/vé/đặt chỗ), gom vào cluster page + build backlink nội bộ",B,50.0,0%,0
giới thiệu du lịch bến tre,Tổng hợp Bến Tre,Tổng hợp,In-scope Bến Tre,Informational,50,N/A,N/A,N/A,Planner (Thấp),data/google_planner/ben-tre/Keyword Stats 2026-02-23 at 11_23_00.csv,Viết guide/review; ưu tiên long-tail; tạo topic hub và internal link về trang dịch vụ,B,50.0,0%,0
giới thiệu về du lịch bến tre,Tổng hợp Bến Tre,Tổng hợp,In-scope Bến Tre,Commercial Investigation,50,N/A,N/A,N/A,Planner (Thấp),data/google_planner/ben-tre/Keyword Stats 2026-02-23 at 11_23_00.csv,Viết bài top-list/so sánh; map vào cluster hub; bổ sung schema + ảnh/UGC,B,50.0,0%,0
khi du lịch bến tre,Tổng hợp Bến Tre,Tổng hợp,In-scope Bến Tre,Informational,50,N/A,N/A,N/A,Planner (Trung bình),data/google_planner/ben-tre/Keyword Stats 2026-02-23 at 11_23_00.csv,Viết guide/review; ưu tiên long-tail; tạo topic hub và internal link về trang dịch vụ,B,50.0,0%,0
khu du lich lan duong ben tre,Tổng hợp Bến Tre,Tổng hợp,In-scope Bến Tre,Informational,50,N/A,N/A,N/A,Planner (Không xác định),data/google_planner/ben-tre/Keyword Stats 2026-02-23 at 11_23_00.csv,Viết guide/review; ưu tiên long-tail; tạo topic hub và internal link về trang dịch vụ,B,50.0,-100.0%,0
khu du lịch ba ngói bến tre,Tổng hợp Bến Tre,Tổng hợp,In-scope Bến Tre,Informational,50,N/A,N/A,N/A,Planner (Không xác định),data/google_planner/ben-tre/Keyword Stats 2026-02-23 at 11_23_00.csv,Viết guide/review; ưu tiên long-tail; tạo topic hub và internal link về trang dịch vụ,B,50.0,0%,0
khu du lịch bảo thạch bến tre,Tổng hợp Bến Tre,Tổng hợp,In-scope Bến Tre,Informational,50,N/A,N/A,N/A,Planner (Thấp),data/google_planner/ben-tre/Keyword Stats 2026-02-23 at 11_23_00.csv,Viết guide/review; ưu tiên long-tail; tạo topic hub và internal link về trang dịch vụ,B,50.0,0%,0
khu du lịch bến tre trò chơi dân gian,Tổng hợp Bến Tre,Tổng hợp,In-scope Bến Tre,Informational,50,N/A,N/A,N/A,Planner (Thấp),data/google_planner/ben-tre/Keyword Stats 2026-02-23 at 11_23_00.csv,Viết guide/review; ưu tiên long-tail; tạo topic hub và internal link về trang dịch vụ,B,50.0,0%,0
khu du lịch bến tre vuon trai cay,Tổng hợp Bến Tre,Tổng hợp,In-scope Bến Tre,Informational,50,N/A,N/A,N/A,Planner (Không xác định),data/google_planner/ben-tre/Keyword Stats 2026-02-23 at 11_23_00.csv,Viết guide/review; ưu tiên long-tail; tạo topic hub và internal link về trang dịch vụ,B,50.0,0%,0
khu du lịch gần bến tre,Tổng hợp Bến Tre,Tổng hợp,In-scope Bến Tre,Informational,50,N/A,N/A,N/A,Planner (Thấp),data/google_planner/ben-tre/Keyword Stats 2026-02-23 at 11_23_00.csv,Viết guide/review; ưu tiên long-tail; tạo topic hub và internal link về trang dịch vụ,B,50.0,0%,0
khu du lịch hàm luông bến tre,Tổng hợp Bến Tre,Tổng hợp,In-scope Bến Tre,Informational,50,N/A,N/A,N/A,Planner (Thấp),data/google_planner/ben-tre/Keyword Stats 2026-02-23 at 11_23_00.csv,Viết guide/review; ưu tiên long-tail; tạo topic hub và internal link về trang dịch vụ,B,50.0,0%,0
khu du lịch hùng bến tre,Tổng hợp Bến Tre,Tổng hợp,In-scope Bến Tre,Informational,50,N/A,N/A,N/A,Planner (Thấp),data/google_planner/ben-tre/Keyword Stats 2026-02-23 at 11_23_00.csv,Viết guide/review; ưu tiên long-tail; tạo topic hub và internal link về trang dịch vụ,B,50.0,0%,0
khu du lịch lan lăng vương bến tre,Tổng hợp Bến Tre,Tổng hợp,In-scope Bến Tre,Informational,50,N/A,N/A,N/A,Planner (Thấp),data/google_planner/ben-tre/Keyword Stats 2026-02-23 at 11_23_00.csv,Viết guide/review; ưu tiên long-tail; tạo topic hub và internal link về trang dịch vụ,B,50.0,0%,0
khu du lịch lan phương bến tre,Tổng hợp Bến Tre,Tổng hợp,In-scope Bến Tre,Informational,50,N/A,N/A,N/A,Planner (Thấp),data/google_planner/ben-tre/Keyword Stats 2026-02-23 at 11_23_00.csv,Viết guide/review; ưu tiên long-tail; tạo topic hub và internal link về trang dịch vụ,B,50.0,0%,0
khu du lịch làng vương ở bến tre,Tổng hợp Bến Tre,Tổng hợp,In-scope Bến Tre,Informational,50,N/A,N/A,N/A,Planner (Thấp),data/google_planner/ben-tre/Keyword Stats 2026-02-23 at 11_23_00.csv,Viết guide/review; ưu tiên long-tail; tạo topic hub và internal link về trang dịch vụ,B,50.0,0%,0
khu du lịch lô hội bến tre,Tổng hợp Bến Tre,Tổng hợp,In-scope Bến Tre,Informational,50,N/A,N/A,N/A,Planner (Thấp),data/google_planner/ben-tre/Keyword Stats 2026-02-23 at 11_23_00.csv,Viết guide/review; ưu tiên long-tail; tạo topic hub và internal link về trang dịch vụ,B,50.0,0%,0
khu du lịch miệt vườn bến tre,Tổng hợp Bến Tre,Tổng hợp,In-scope Bến Tre,Informational,50,N/A,N/A,N/A,Planner (Thấp),data/google_planner/ben-tre/Keyword Stats 2026-02-23 at 11_23_00.csv,Viết guide/review; ưu tiên long-tail; tạo topic hub và internal link về trang dịch vụ,B,50.0,0%,0
khu du lịch nam vương bến tre,Tổng hợp Bến Tre,Tổng hợp,In-scope Bến Tre,Informational,50,N/A,N/A,N/A,Planner (Thấp),data/google_planner/ben-tre/Keyword Stats 2026-02-23 at 11_23_00.csv,Viết guide/review; ưu tiên long-tail; tạo topic hub và internal link về trang dịch vụ,B,50.0,0%,0
khu du lịch nghênh xuân bến tre,Tổng hợp Bến Tre,Tổng hợp,In-scope Bến Tre,Informational,50,N/A,N/A,N/A,Planner (Không xác định),data/google_planner/ben-tre/Keyword Stats 2026-02-23 at 11_23_00.csv,Viết guide/review; ưu tiên long-tail; tạo topic hub và internal link về trang dịch vụ,B,50.0,-100.0%,0
khu du lịch nổi tiếng bến tre,Tổng hợp Bến Tre,Tổng hợp,In-scope Bến Tre,Informational,50,N/A,N/A,N/A,Planner (Thấp),data/google_planner/ben-tre/Keyword Stats 2026-02-23 at 11_23_00.csv,Viết guide/review; ưu tiên long-tail; tạo topic hub và internal link về trang dịch vụ,B,50.0,0%,0
khu du lịch nổi tiếng ở bến tre,Tổng hợp Bến Tre,Tổng hợp,In-scope Bến Tre,Informational,50,N/A,N/A,N/A,Planner (Thấp),data/google_planner/ben-tre/Keyword Stats 2026-02-23 at 11_23_00.csv,Viết guide/review; ưu tiên long-tail; tạo topic hub và internal link về trang dịch vụ,B,50.0,0%,0
khu du lịch quê dừa bến tre,Tổng hợp Bến Tre,Tổng hợp,In-scope Bến Tre,Informational,50,N/A,N/A,N/A,Planner (Thấp),data/google_planner/ben-tre/Keyword Stats 2026-02-23 at 11_23_00.csv,Viết guide/review; ưu tiên long-tail; tạo topic hub và internal link về trang dịch vụ,B,50.0,0%,0
khu du lịch quê ta bến tre,Tổng hợp Bến Tre,Tổng hợp,In-scope Bến Tre,Informational,50,N/A,N/A,N/A,Planner (Thấp),data/google_planner/ben-tre/Keyword Stats 2026-02-23 at 11_23_00.csv,Viết guide/review; ưu tiên long-tail; tạo topic hub và internal link về trang dịch vụ,B,50.0,0%,0
khu du lịch sinh thái ba ngói bến tre,Tổng hợp Bến Tre,Tổng hợp,In-scope Bến Tre,Informational,50,N/A,N/A,N/A,Planner (Thấp),data/google_planner/ben-tre/Keyword Stats 2026-02-23 at 11_23_00.csv,Viết guide/review; ưu tiên long-tail; tạo topic hub và internal link về trang dịch vụ,B,50.0,0%,0
khu du lịch sinh thái bảo thạch bến tre,Tổng hợp Bến Tre,Tổng hợp,In-scope Bến Tre,Informational,50,N/A,N/A,N/A,Planner (Thấp),data/google_planner/ben-tre/Keyword Stats 2026-02-23 at 11_23_00.csv,Viết guide/review; ưu tiên long-tail; tạo topic hub và internal link về trang dịch vụ,B,50.0,0%,0
khu du lịch thành phố bến tre,Tổng hợp Bến Tre,Tổng hợp,In-scope Bến Tre,Informational,50,N/A,N/A,N/A,Planner (Thấp),data/google_planner/ben-tre/Keyword Stats 2026-02-23 at 11_23_00.csv,Viết guide/review; ưu tiên long-tail; tạo topic hub và internal link về trang dịch vụ,B,50.0,0%,0
khu du lịch trò chơi dân gian bến tre,Tổng hợp Bến Tre,Tổng hợp,In-scope Bến Tre,Informational,50,N/A,N/A,N/A,Planner (Thấp),data/google_planner/ben-tre/Keyword Stats 2026-02-23 at 11_23_00.csv,Viết guide/review; ưu tiên long-tail; tạo topic hub và internal link về trang dịch vụ,B,50.0,0%,0
khu du lịch tây đô bến tre,Tổng hợp Bến Tre,Tổng hợp,In-scope Bến Tre,Informational,50,N/A,N/A,N/A,Planner (Thấp),data/google_planner/ben-tre/Keyword Stats 2026-02-23 at 11_23_00.csv,Viết guide/review; ưu tiên long-tail; tạo topic hub và internal link về trang dịch vụ,B,50.0,0%,0
khu du lịch việt nhật bến tre,Tổng hợp Bến Tre,Tổng hợp,In-scope Bến Tre,Informational,50,N/A,N/A,N/A,Planner (Thấp),data/google_planner/ben-tre/Keyword Stats 2026-02-23 at 11_23_00.csv,Viết guide/review; ưu tiên long-tail; tạo topic hub và internal link về trang dịch vụ,B,50.0,0%,0
khu du lịch đại lộc bến tre,Tổng hợp Bến Tre,Tổng hợp,In-scope Bến Tre,Informational,50,N/A,N/A,N/A,Planner (Thấp),data/google_planner/ben-tre/Keyword Stats 2026-02-23 at 11_23_00.csv,Viết guide/review; ưu tiên long-tail; tạo topic hub và internal link về trang dịch vụ,B,50.0,0%,0
khu du lịch đẹp ở bến tre,Tổng hợp Bến Tre,Tổng hợp,In-scope Bến Tre,Informational,50,N/A,N/A,N/A,Planner (Trung bình),data/google_planner/ben-tre/Keyword Stats 2026-02-23 at 11_23_00.csv,Viết guide/review; ưu tiên long-tail; tạo topic hub và internal link về trang dịch vụ,B,50.0,0%,0
khu du lịch ở bến tre mới mở,Tổng hợp Bến Tre,Tổng hợp,In-scope Bến Tre,Informational,50,N/A,N/A,N/A,Planner (Thấp),data/google_planner/ben-tre/Keyword Stats 2026-02-23 at 11_23_00.csv,Viết guide/review; ưu tiên long-tail; tạo topic hub và internal link về trang dịch vụ,B,50.0,0%,0
khu nghỉ dưỡng mỹ an bến tre,Tổng hợp Bến Tre,Tổng hợp,In-scope Bến Tre,Informational,50,N/A,N/A,N/A,Planner (Thấp),data/google_planner/ben-tre/Keyword Stats 2026-02-23 at 11_23_00.csv,Viết guide/review; ưu tiên long-tail; tạo topic hub và internal link về trang dịch vụ,B,50.0,0%,0
kinh nghiệm đi bến tre,Tổng hợp Bến Tre,Tổng hợp,In-scope Bến Tre,Commercial Investigation,50,N/A,N/A,N/A,Planner (Không xác định),data/google_planner/ben-tre/Keyword Stats 2026-02-23 at 11_23_00.csv,Viết bài top-list/so sánh; map vào cluster hub; bổ sung schema + ảnh/UGC,B,50.0,-100.0%,0
lang vương bến tre,Tổng hợp Bến Tre,Tổng hợp,In-scope Bến Tre,Informational,50,N/A,N/A,N/A,Planner (Thấp),data/google_planner/ben-tre/Keyword Stats 2026-02-23 at 11_23_00.csv,Viết guide/review; ưu tiên long-tail; tạo topic hub và internal link về trang dịch vụ,B,50.0,0%,0
làng du lịch bến tre,Tổng hợp Bến Tre,Tổng hợp,In-scope Bến Tre,Informational,50,N/A,N/A,N/A,Planner (Thấp),data/google_planner/ben-tre/Keyword Stats 2026-02-23 at 11_23_00.csv,Viết guide/review; ưu tiên long-tail; tạo topic hub và internal link về trang dịch vụ,B,50.0,0%,0
nhung diem du lich ben tre,Tổng hợp Bến Tre,Tổng hợp,In-scope Bến Tre,Informational,50,N/A,N/A,N/A,Planner (Cao),data/google_planner/ben-tre/Keyword Stats 2026-02-23 at 11_23_00.csv,Viết guide/review; ưu tiên long-tail; tạo topic hub và internal link về trang dịch vụ,B,50.0,0%,0
nhung diem du lich o ben tre,Tổng hợp Bến Tre,Tổng hợp,In-scope Bến Tre,Informational,50,N/A,N/A,N/A,Planner (Không xác định),data/google_planner/ben-tre/Keyword Stats 2026-02-23 at 11_23_00.csv,Viết guide/review; ưu tiên long-tail; tạo topic hub và internal link về trang dịch vụ,B,50.0,-100.0%,0
những khu du lịch bến tre,Tổng hợp Bến Tre,Tổng hợp,In-scope Bến Tre,Informational,50,N/A,N/A,N/A,Planner (Thấp),data/google_planner/ben-tre/Keyword Stats 2026-02-23 at 11_23_00.csv,Viết guide/review; ưu tiên long-tail; tạo topic hub và internal link về trang dịch vụ,B,50.0,0%,0
những khu du lịch nổi tiếng ở bến tre,Tổng hợp Bến Tre,Tổng hợp,In-scope Bến Tre,Informational,50,N/A,N/A,N/A,Planner (Thấp),data/google_planner/ben-tre/Keyword Stats 2026-02-23 at 11_23_00.csv,Viết guide/review; ưu tiên long-tail; tạo topic hub và internal link về trang dịch vụ,B,50.0,0%,0
những khu du lịch ở bến tre,Tổng hợp Bến Tre,Tổng hợp,In-scope Bến Tre,Informational,50,N/A,N/A,N/A,Planner (Thấp),data/google_planner/ben-tre/Keyword Stats 2026-02-23 at 11_23_00.csv,Viết guide/review; ưu tiên long-tail; tạo topic hub và internal link về trang dịch vụ,B,50.0,0%,0
những điểm du lịch nổi tiếng ở bến tre,Tổng hợp Bến Tre,Tổng hợp,In-scope Bến Tre,Informational,50,N/A,N/A,N/A,Planner (Thấp),data/google_planner/ben-tre/Keyword Stats 2026-02-23 at 11_23_00.csv,Viết guide/review; ưu tiên long-tail; tạo topic hub và internal link về trang dịch vụ,B,50.0,0%,0
những điểm du lịch tại bến tre,Tổng hợp Bến Tre,Tổng hợp,In-scope Bến Tre,Informational,50,N/A,N/A,N/A,Planner (Thấp),data/google_planner/ben-tre/Keyword Stats 2026-02-23 at 11_23_00.csv,Viết guide/review; ưu tiên long-tail; tạo topic hub và internal link về trang dịch vụ,B,50.0,0%,0
những điểm tham quan ở bến tre,Tổng hợp Bến Tre,Tổng hợp,In-scope Bến Tre,Informational,50,N/A,N/A,N/A,Planner (Trung bình),data/google_planner/ben-tre/Keyword Stats 2026-02-23 at 11_23_00.csv,Viết guide/review; ưu tiên long-tail; tạo topic hub và internal link về trang dịch vụ,B,50.0,0%,0
những địa điểm du lịch bến tre,Tổng hợp Bến Tre,Tổng hợp,In-scope Bến Tre,Informational,50,N/A,N/A,N/A,Planner (Thấp),data/google_planner/ben-tre/Keyword Stats 2026-02-23 at 11_23_00.csv,Viết guide/review; ưu tiên long-tail; tạo topic hub và internal link về trang dịch vụ,B,50.0,0%,0
những địa điểm du lịch nổi tiếng ở bến tre,Tổng hợp Bến Tre,Tổng hợp,In-scope Bến Tre,Informational,50,N/A,N/A,N/A,Planner (Thấp),data/google_planner/ben-tre/Keyword Stats 2026-02-23 at 11_23_00.csv,Viết guide/review; ưu tiên long-tail; tạo topic hub và internal link về trang dịch vụ,B,50.0,0%,0
những địa điểm du lịch tại bến tre,Tổng hợp Bến Tre,Tổng hợp,In-scope Bến Tre,Informational,50,N/A,N/A,N/A,Planner (Thấp),data/google_planner/ben-tre/Keyword Stats 2026-02-23 at 11_23_00.csv,Viết guide/review; ưu tiên long-tail; tạo topic hub và internal link về trang dịch vụ,B,50.0,0%,0
những địa điểm du lịch ở bến tre,Tổng hợp Bến Tre,Tổng hợp,In-scope Bến Tre,Informational,50,N/A,N/A,N/A,Planner (Thấp),data/google_planner/ben-tre/Keyword Stats 2026-02-23 at 11_23_00.csv,Viết guide/review; ưu tiên long-tail; tạo topic hub và internal link về trang dịch vụ,B,50.0,-90.0%,0
tham quan lò kẹo dừa bến tre,Tổng hợp Bến Tre,Tổng hợp,In-scope Bến Tre,Informational,50,N/A,N/A,N/A,Planner (Thấp),data/google_planner/ben-tre/Keyword Stats 2026-02-23 at 11_23_00.csv,Viết guide/review; ưu tiên long-tail; tạo topic hub và internal link về trang dịch vụ,B,50.0,0%,0
văn hóa ẩm thực bến tre,Tổng hợp Bến Tre,Tổng hợp,In-scope Bến Tre,Informational,50,N/A,N/A,N/A,Planner (Thấp),data/google_planner/ben-tre/Keyword Stats 2026-02-23 at 11_23_00.csv,Viết guide/review; ưu tiên long-tail; tạo topic hub và internal link về trang dịch vụ,B,50.0,0%,0
vườn măng cụt bến tre,Tổng hợp Bến Tre,Tổng hợp,In-scope Bến Tre,Informational,50,N/A,N/A,N/A,Planner (Không xác định),data/google_planner/ben-tre/Keyword Stats 2026-02-23 at 11_23_00.csv,Viết guide/review; ưu tiên long-tail; tạo topic hub và internal link về trang dịch vụ,B,50.0,-100.0%,0
đi du lịch bến tre 1 ngày,Tổng hợp Bến Tre,Tổng hợp,In-scope Bến Tre,Informational,50,N/A,N/A,N/A,Planner (Cao),data/google_planner/ben-tre/Keyword Stats 2026-02-23 at 11_23_00.csv,Viết guide/review; ưu tiên long-tail; tạo topic hub và internal link về trang dịch vụ,B,50.0,0%,0
điểm du lịch mới ở bến tre,Tổng hợp Bến Tre,Tổng hợp,In-scope Bến Tre,Informational,50,N/A,N/A,N/A,Planner (Thấp),data/google_planner/ben-tre/Keyword Stats 2026-02-23 at 11_23_00.csv,Viết guide/review; ưu tiên long-tail; tạo topic hub và internal link về trang dịch vụ,B,50.0,0%,0
điểm du lịch tại bến tre,Tổng hợp Bến Tre,Tổng hợp,In-scope Bến Tre,Informational,50,N/A,N/A,N/A,Planner (Thấp),data/google_planner/ben-tre/Keyword Stats 2026-02-23 at 11_23_00.csv,Viết guide/review; ưu tiên long-tail; tạo topic hub và internal link về trang dịch vụ,B,50.0,0%,0
điểm tham quan ở bến tre,Tổng hợp Bến Tre,Tổng hợp,In-scope Bến Tre,Informational,50,N/A,N/A,N/A,Planner (Thấp),data/google_planner/ben-tre/Keyword Stats 2026-02-23 at 11_23_00.csv,Viết guide/review; ưu tiên long-tail; tạo topic hub và internal link về trang dịch vụ,B,50.0,0%,0
đặc sản ẩm thực bến tre,Tổng hợp Bến Tre,Tổng hợp,In-scope Bến Tre,Informational,50,N/A,N/A,N/A,Planner (Thấp),data/google_planner/ben-tre/Keyword Stats 2026-02-23 at 11_23_00.csv,Viết guide/review; ưu tiên long-tail; tạo topic hub và internal link về trang dịch vụ,B,50.0,0%,0
địa danh bến tre,Tổng hợp Bến Tre,Tổng hợp,In-scope Bến Tre,Informational,50,N/A,N/A,N/A,Planner (Thấp),data/google_planner/ben-tre/Keyword Stats 2026-02-23 at 11_23_00.csv,Viết guide/review; ưu tiên long-tail; tạo topic hub và internal link về trang dịch vụ,B,50.0,0%,0
địa điểm check in bến tre,Tổng hợp Bến Tre,Tổng hợp,In-scope Bến Tre,Informational,50,N/A,N/A,N/A,Planner (Thấp),data/google_planner/ben-tre/Keyword Stats 2026-02-23 at 11_23_00.csv,Viết guide/review; ưu tiên long-tail; tạo topic hub và internal link về trang dịch vụ,B,50.0,0%,0
địa điểm chụp ảnh đẹp ở bến tre,Tổng hợp Bến Tre,Tổng hợp,In-scope Bến Tre,Informational,50,N/A,N/A,N/A,Planner (Thấp),data/google_planner/ben-tre/Keyword Stats 2026-02-23 at 11_23_00.csv,Viết guide/review; ưu tiên long-tail; tạo topic hub và internal link về trang dịch vụ,B,50.0,0%,0
địa điểm du lịch gần bến tre,Tổng hợp Bến Tre,Tổng hợp,In-scope Bến Tre,Informational,50,N/A,N/A,N/A,Planner (Cao),data/google_planner/ben-tre/Keyword Stats 2026-02-23 at 11_23_00.csv,Viết guide/review; ưu tiên long-tail; tạo topic hub và internal link về trang dịch vụ,B,50.0,0%,0
địa điểm du lịch tại bến tre,Tổng hợp Bến Tre,Tổng hợp,In-scope Bến Tre,Informational,50,N/A,N/A,N/A,Planner (Thấp),data/google_planner/ben-tre/Keyword Stats 2026-02-23 at 11_23_00.csv,Viết guide/review; ưu tiên long-tail; tạo topic hub và internal link về trang dịch vụ,B,50.0,0%,0
địa điểm khu du lịch bến tre,Tổng hợp Bến Tre,Tổng hợp,In-scope Bến Tre,Informational,50,N/A,N/A,N/A,Planner (Cao),data/google_planner/ben-tre/Keyword Stats 2026-02-23 at 11_23_00.csv,Viết guide/review; ưu tiên long-tail; tạo topic hub và internal link về trang dịch vụ,B,50.0,0%,0
địa điểm tham quan bến tre,Tổng hợp Bến Tre,Tổng hợp,In-scope Bến Tre,Informational,50,N/A,N/A,N/A,Planner (Thấp),data/google_planner/ben-tre/Keyword Stats 2026-02-23 at 11_23_00.csv,Viết guide/review; ưu tiên long-tail; tạo topic hub và internal link về trang dịch vụ,B,50.0,0%,0
địa điểm tham quan ở bến tre,Tổng hợp Bến Tre,Tổng hợp,In-scope Bến Tre,Informational,50,N/A,N/A,N/A,Planner (Thấp),data/google_planner/ben-tre/Keyword Stats 2026-02-23 at 11_23_00.csv,Viết guide/review; ưu tiên long-tail; tạo topic hub và internal link về trang dịch vụ,B,50.0,0%,0
địa điểm vui chơi ở thành phố bến tre,Tổng hợp Bến Tre,Tổng hợp,In-scope Bến Tre,Informational,50,N/A,N/A,N/A,Planner (Thấp),data/google_planner/ben-tre/Keyword Stats 2026-02-23 at 11_23_00.csv,Viết guide/review; ưu tiên long-tail; tạo topic hub và internal link về trang dịch vụ,B,50.0,0%,0
địa điểm vườn trái cây bến tre,Tổng hợp Bến Tre,Tổng hợp,In-scope Bến Tre,Informational,50,N/A,N/A,N/A,Planner (Không xác định),data/google_planner/ben-tre/Keyword Stats 2026-02-23 at 11_23_00.csv,Viết guide/review; ưu tiên long-tail; tạo topic hub và internal link về trang dịch vụ,B,50.0,-100.0%,0
địa điểm ăn chơi bến tre,Tổng hợp Bến Tre,Tổng hợp,In-scope Bến Tre,Informational,50,N/A,N/A,N/A,Planner (Thấp),data/google_planner/ben-tre/Keyword Stats 2026-02-23 at 11_23_00.csv,Viết guide/review; ưu tiên long-tail; tạo topic hub và internal link về trang dịch vụ,B,50.0,0%,0
địa điểm ăn chơi ở bến tre,Tổng hợp Bến Tre,Tổng hợp,In-scope Bến Tre,Informational,50,N/A,N/A,N/A,Planner (Thấp),data/google_planner/ben-tre/Keyword Stats 2026-02-23 at 11_23_00.csv,Viết guide/review; ưu tiên long-tail; tạo topic hub và internal link về trang dịch vụ,B,50.0,0%,0
ở bến tre có khu du lịch nào,Tổng hợp Bến Tre,Tổng hợp,In-scope Bến Tre,Informational,50,N/A,N/A,N/A,Planner (Thấp),data/google_planner/ben-tre/Keyword Stats 2026-02-23 at 11_23_00.csv,Viết guide/review; ưu tiên long-tail; tạo topic hub và internal link về trang dịch vụ,B,50.0,0%,0
cồn ốc bến tre,Điểm tham quan Bến Tre,Địa danh tham quan / Văn hóa - Lịch sử,In-scope Bến Tre,Informational,500,N/A,N/A,N/A,Planner (Thấp),data/google_planner/ben-tre/Keyword Stats 2026-02-23 at 11_23_00.csv,Viết guide/review; ưu tiên long-tail; tạo topic hub và internal link về trang dịch vụ,B,500.0,0%,0
vàm hồ bến tre,Điểm tham quan Bến Tre,Địa danh tham quan / Văn hóa - Lịch sử,In-scope Bến Tre,Informational,500,N/A,N/A,N/A,Planner (Thấp),data/google_planner/ben-tre/Keyword Stats 2026-02-23 at 11_23_00.csv,Viết guide/review; ưu tiên long-tail; tạo topic hub và internal link về trang dịch vụ,B,500.0,-90.0%,0
du lịch cồn ốc bến tre,Điểm tham quan Bến Tre,Địa danh tham quan / Văn hóa - Lịch sử,In-scope Bến Tre,Informational,50,N/A,N/A,N/A,Planner (Thấp),data/google_planner/ben-tre/Keyword Stats 2026-02-23 at 11_23_00.csv,Viết guide/review; ưu tiên long-tail; tạo topic hub và internal link về trang dịch vụ,B,50.0,0%,0
khu du lịch sinh thái vàm hồ bến tre,Điểm tham quan Bến Tre,Địa danh tham quan / Văn hóa - Lịch sử,In-scope Bến Tre,Informational,50,N/A,N/A,N/A,Planner (Thấp),data/google_planner/ben-tre/Keyword Stats 2026-02-23 at 11_23_00.csv,Viết guide/review; ưu tiên long-tail; tạo topic hub và internal link về trang dịch vụ,B,50.0,0%,0
khu du lịch vàm hồ bến tre,Điểm tham quan Bến Tre,Địa danh tham quan / Văn hóa - Lịch sử,In-scope Bến Tre,Informational,50,N/A,N/A,N/A,Planner (Thấp),data/google_planner/ben-tre/Keyword Stats 2026-02-23 at 11_23_00.csv,Viết guide/review; ưu tiên long-tail; tạo topic hub và internal link về trang dịch vụ,B,50.0,-90.0%,0
sân chim vàm hồ bến tre,Điểm tham quan Bến Tre,Địa danh tham quan / Văn hóa - Lịch sử,In-scope Bến Tre,Informational,50,N/A,N/A,N/A,Planner (Thấp),data/google_planner/ben-tre/Keyword Stats 2026-02-23 at 11_23_00.csv,Viết guide/review; ưu tiên long-tail; tạo topic hub và internal link về trang dịch vụ,B,50.0,-90.0%,0
